{
"type": "FeatureCollection",
"name": "PROWS20mGEOJSON",
"crs": { "type": "name", "properties": { "name": "urn:ogc:def:crs:EPSG::27700" } },
"features": [
{ "type": "Feature", "properties": { "PROW_ID": "RS54", "TYPE": "Footpath" }, "geometry": { "type": "MultiLineString", "coordinates": [ [ [ 575026.751573737245053, 174464.534601762192324 ], [ 575462.731692240340635, 173795.557419930526521 ] ] ] } },
{ "type": "Feature", "properties": { "PROW_ID": "RS198", "TYPE": "Footpath" }, "geometry": { "type": "MultiLineString", "coordinates": [ [ [ 570409.758318800013512, 167269.46964607789414 ], [ 570120.347240135539323, 167410.187684332136996 ], [ 569840.908164181746542, 167604.027737014519516 ], [ 569862.165169959422201, 167682.093758235918358 ], [ 569760.432142307516187, 167816.347794726258144 ], [ 569705.948127498384565, 167994.769843223970383 ], [ 569458.080060125561431, 168395.20795206935145 ] ] ] } },
{ "type": "Feature", "properties": { "PROW_ID": "RS161", "TYPE": "Footpath" }, "geometry": { "type": "MultiLineString", "coordinates": [ [ [ 569683.576121417339891, 167199.871627165935934 ], [ 569637.941109013510868, 167438.516692031000275 ], [ 569722.650132038164884, 167762.839780181762762 ], [ 569771.225145241245627, 167804.169791417312808 ], [ 569798.214152576867491, 167924.827824218780734 ], [ 569797.16515229200013, 168156.981887311965693 ], [ 569922.862186457496136, 168456.75496879441198 ] ] ] } },
{ "type": "Feature", "properties": { "PROW_ID": "RRX6", "TYPE": "Footpath" }, "geometry": { "type": "MultiLineString", "coordinates": [ [ [ 574219.59735434607137, 168336.17293601721758 ], [ 574322.387382285087369, 168177.5628929103259 ] ] ] } },
{ "type": "Feature", "properties": { "PROW_ID": "RRX3", "TYPE": "Footpath" }, "geometry": { "type": "MultiLineString", "coordinates": [ [ [ 574295.040374852018431, 168604.561008970544208 ], [ 574220.399354564025998, 168546.554993203375489 ] ] ] } },
{ "type": "Feature", "properties": { "PROW_ID": "RRX14", "TYPE": "Footpath" }, "geometry": { "type": "MultiLineString", "coordinates": [ [ [ 574055.009309609537013, 167669.623754842614289 ], [ 573989.472291796002537, 167634.045745174167678 ], [ 573873.584260296775028, 167673.041755775513593 ] ] ] } },
{ "type": "Feature", "properties": { "PROW_ID": "RRX10", "TYPE": "Footpath" }, "geometry": { "type": "MultiLineString", "coordinates": [ [ [ 573888.010264217969961, 168073.863864722603466 ], [ 573976.394288241164759, 168030.929853054753039 ], [ 573969.397286339662969, 168002.072845205897465 ] ] ] } },
{ "type": "Feature", "properties": { "PROW_ID": "RRX46", "TYPE": "Footpath" }, "geometry": { "type": "MultiLineString", "coordinates": [ [ [ 574199.962349009118043, 168806.36606382613536 ], [ 574211.070352028356865, 168815.714066366257612 ] ] ] } },
{ "type": "Feature", "properties": { "PROW_ID": "RRX52", "TYPE": "Footpath" }, "geometry": { "type": "MultiLineString", "coordinates": [ [ [ 574107.342323834542185, 169971.448380497749895 ], [ 574067.397312976652756, 170086.773411849688273 ] ] ] } },
{ "type": "Feature", "properties": { "PROW_ID": "RRX51", "TYPE": "Footpath" }, "geometry": { "type": "MultiLineString", "coordinates": [ [ [ 574105.462323323590681, 169232.233179573318921 ], [ 574217.61435380729381, 169430.166233375377487 ], [ 574258.907365031074733, 169443.887237103306688 ] ] ] } },
{ "type": "Feature", "properties": { "PROW_ID": "RRX55", "TYPE": "Footpath" }, "geometry": { "type": "MultiLineString", "coordinates": [ [ [ 573636.667195900692604, 169165.793161523237359 ], [ 573659.808202190906741, 169249.397184239467606 ] ] ] } },
{ "type": "Feature", "properties": { "PROW_ID": "RRX59", "TYPE": "Footpath" }, "geometry": { "type": "MultiLineString", "coordinates": [ [ [ 573000.447022970649414, 169131.14815210638335 ], [ 573079.554044472752139, 169153.359158135892358 ], [ 573170.385069161304273, 169305.7781995687983 ] ] ] } },
{ "type": "Feature", "properties": { "PROW_ID": "RRX57", "TYPE": "Footpath" }, "geometry": { "type": "MultiLineString", "coordinates": [ [ [ 573160.957066598697565, 169716.773311284312513 ], [ 573195.844076081411913, 169693.262304888223298 ] ] ] } },
{ "type": "Feature", "properties": { "PROW_ID": "RRX58", "TYPE": "Footpath" }, "geometry": { "type": "MultiLineString", "coordinates": [ [ [ 573197.947076653130352, 169464.848242801555898 ], [ 573274.262097396189347, 169416.908229770953767 ] ] ] } },
{ "type": "Feature", "properties": { "PROW_ID": "RRX50", "TYPE": "Footpath" }, "geometry": { "type": "MultiLineString", "coordinates": [ [ [ 574042.619306242093444, 169022.378122534428257 ], [ 574001.746295132441446, 169051.475130448001437 ] ] ] } },
{ "type": "Feature", "properties": { "PROW_ID": "RRX54", "TYPE": "Footpath" }, "geometry": { "type": "MultiLineString", "coordinates": [ [ [ 573707.473215146455914, 169382.798220505705103 ], [ 573782.914235651842318, 169401.010225457546767 ] ] ] } },
{ "type": "Feature", "properties": { "PROW_ID": "RRX10a", "TYPE": "Footpath" }, "geometry": { "type": "MultiLineString", "coordinates": [ [ [ 573891.90226527582854, 168073.041864496248309 ], [ 573947.103280279668979, 168236.901909040228929 ] ] ] } },
{ "type": "Feature", "properties": { "PROW_ID": "RRX12a", "TYPE": "Footpath" }, "geometry": { "type": "MultiLineString", "coordinates": [ [ [ 573893.033265583100729, 168099.0678715777467 ], [ 574009.487297236104496, 168227.835906578751747 ] ] ] } },
{ "type": "Feature", "properties": { "PROW_ID": "RRX56", "TYPE": "Footpath" }, "geometry": { "type": "MultiLineString", "coordinates": [ [ [ 573069.332041694549844, 169795.703332728298847 ], [ 573219.547082523931749, 169952.798375434649643 ] ] ] } },
{ "type": "Feature", "properties": { "PROW_ID": "RS37", "TYPE": "Footpath" }, "geometry": { "type": "MultiLineString", "coordinates": [ [ [ 576554.579989013727754, 178519.149703839211725 ], [ 576288.213916613371111, 178665.475743608665653 ], [ 576169.314884295570664, 178686.612749351479579 ], [ 575825.794790923595428, 178586.877722249599174 ], [ 575552.647716680308804, 178435.79468117642682 ], [ 575444.400687257526442, 178433.667680607934017 ], [ 575210.751623749965802, 178195.742615931376349 ], [ 575113.990597449475899, 177993.292560905218124 ], [ 574818.770517206285149, 177890.969533089897595 ], [ 574691.032482485985383, 177790.822505867807195 ], [ 574569.092449341434985, 177742.907492854457814 ], [ 574262.899366115801968, 177435.143409195705317 ], [ 574172.965341670904309, 177095.986317006929312 ], [ 573976.831288359826431, 176780.525231269421056 ] ] ] } },
{ "type": "Feature", "properties": { "PROW_ID": "RS335", "TYPE": "Footpath" }, "geometry": { "type": "MultiLineString", "coordinates": [ [ [ 573485.313154761213809, 175813.648968461435288 ], [ 573470.787150813033804, 175840.844975853804499 ], [ 573528.749166567693464, 175893.386990134255029 ] ] ] } },
{ "type": "Feature", "properties": { "PROW_ID": "RS333", "TYPE": "Footpath" }, "geometry": { "type": "MultiLineString", "coordinates": [ [ [ 573578.172180001041852, 176120.076051752781495 ], [ 573674.6712062304141, 176117.874051151506137 ], [ 573688.579210010590032, 176047.145031930180266 ], [ 573720.464218677254394, 176044.828031301090959 ] ] ] } },
{ "type": "Feature", "properties": { "PROW_ID": "RS72", "TYPE": "Footpath" }, "geometry": { "type": "MultiLineString", "coordinates": [ [ [ 573610.703188843326643, 173844.499433226825204 ], [ 573218.931082356371917, 173683.803389553446323 ], [ 573009.858025528606959, 173646.024379278649576 ] ] ] } },
{ "type": "Feature", "properties": { "PROW_ID": "RS334", "TYPE": "Footpath" }, "geometry": { "type": "MultiLineString", "coordinates": [ [ [ 573935.404277099762112, 176297.092099863977637 ], [ 574124.605328526347876, 175920.918997612665407 ] ] ] } },
{ "type": "Feature", "properties": { "PROW_ID": "RS62", "TYPE": "Footpath" }, "geometry": { "type": "MultiLineString", "coordinates": [ [ [ 573525.007165550487116, 175112.486777874757536 ], [ 574091.731319590704516, 175135.095784024742898 ] ] ] } },
{ "type": "Feature", "properties": { "PROW_ID": "RS65", "TYPE": "Footpath" }, "geometry": { "type": "MultiLineString", "coordinates": [ [ [ 573578.972180218552239, 176256.742088899307419 ], [ 573648.063198997988366, 176261.216090115951374 ], [ 573736.034222909365781, 176352.385114893491846 ] ] ] } },
{ "type": "Feature", "properties": { "PROW_ID": "RS124", "TYPE": "Footpath" }, "geometry": { "type": "MultiLineString", "coordinates": [ [ [ 574365.158393911086023, 170264.383460119541269 ], [ 574185.471345070400275, 170331.446478351717815 ] ] ] } },
{ "type": "Feature", "properties": { "PROW_ID": "RR2", "TYPE": "Footpath" }, "geometry": { "type": "MultiLineString", "coordinates": [ [ [ 573452.409145817859098, 170359.76148605014896 ], [ 573798.412239864235744, 170383.892492609331384 ] ] ] } },
{ "type": "Feature", "properties": { "PROW_ID": "RS120", "TYPE": "Footpath" }, "geometry": { "type": "MultiLineString", "coordinates": [ [ [ 573798.412239864235744, 170383.892492609331384 ], [ 573968.200286014471203, 170408.465499285142869 ] ] ] } },
{ "type": "Feature", "properties": { "PROW_ID": "RS63", "TYPE": "Footpath" }, "geometry": { "type": "MultiLineString", "coordinates": [ [ [ 574717.878489782684483, 176340.768111739947926 ], [ 573971.376286877552047, 176483.593150554981548 ] ] ] } },
{ "type": "Feature", "properties": { "PROW_ID": "RS131", "TYPE": "Footpath" }, "geometry": { "type": "MultiLineString", "coordinates": [ [ [ 572956.195010942406952, 170640.994562496256549 ], [ 572594.899912739638239, 170908.847635294427164 ], [ 572561.36190362367779, 170893.869631220819429 ] ] ] } },
{ "type": "Feature", "properties": { "PROW_ID": "RS369", "TYPE": "Footpath" }, "geometry": { "type": "MultiLineString", "coordinates": [ [ [ 570396.143315099179745, 167414.045685378252529 ], [ 570870.293443977017887, 167214.829631234635599 ] ] ] } },
{ "type": "Feature", "properties": { "PROW_ID": "RS370", "TYPE": "Footpath" }, "geometry": { "type": "MultiLineString", "coordinates": [ [ [ 570875.628445427166298, 167215.307631364208646 ], [ 571218.707538679009303, 167210.757630124746356 ] ] ] } },
{ "type": "Feature", "properties": { "PROW_ID": "RS371", "TYPE": "Footpath" }, "geometry": { "type": "MultiLineString", "coordinates": [ [ [ 571226.233540724846534, 167211.781630397366825 ], [ 571244.375545655726455, 167321.853660322318319 ], [ 571287.15055728261359, 167343.240666130557656 ], [ 571436.861597975250334, 167343.240666127705481 ], [ 571611.251645375741646, 167392.596679551177658 ] ] ] } },
{ "type": "Feature", "properties": { "PROW_ID": "RS209", "TYPE": "Footpath" }, "geometry": { "type": "MultiLineString", "coordinates": [ [ [ 571065.078496921341866, 166531.708445553435013 ], [ 570990.572476670029573, 166468.701428422413301 ], [ 570783.604420414078049, 166536.419446837855503 ], [ 570546.095355857396498, 166496.277435921074357 ], [ 570457.829331865883432, 166533.11844593891874 ], [ 570426.033323223586194, 166374.284402760560624 ] ] ] } },
{ "type": "Feature", "properties": { "PROW_ID": "RS55A", "TYPE": "Restricted Byway" }, "geometry": { "type": "MultiLineString", "coordinates": [ [ [ 576280.239914446137846, 175080.246769115969073 ], [ 576140.439876447198913, 175304.540830079989973 ], [ 576121.459871288388968, 175537.920893512491602 ], [ 576045.216850564582273, 175581.447905350418296 ], [ 576010.878841231344268, 175690.500934988958761 ], [ 575961.361827772110701, 175696.726936682360247 ], [ 575870.125802973285317, 175939.779002744762693 ] ] ] } },
{ "type": "Feature", "properties": { "PROW_ID": "RC38", "TYPE": "Footpath" }, "geometry": { "type": "MultiLineString", "coordinates": [ [ [ 577350.98420548287686, 162719.18540928006405 ], [ 577211.859167667804286, 162702.20440465939464 ], [ 576853.346070221043192, 162741.399415309308097 ], [ 576850.13706934847869, 162793.28442942147376 ], [ 576823.507062110351399, 162791.661428977095056 ] ] ] } },
{ "type": "Feature", "properties": { "PROW_ID": "RC22", "TYPE": "Footpath" }, "geometry": { "type": "MultiLineString", "coordinates": [ [ [ 576675.624021914787591, 163597.482648001168855 ], [ 576694.935027163242921, 163574.51264176616678 ], [ 576804.679056992870755, 163600.677648868761025 ] ] ] } },
{ "type": "Feature", "properties": { "PROW_ID": "RC26", "TYPE": "Footpath" }, "geometry": { "type": "MultiLineString", "coordinates": [ [ [ 576631.646009960910305, 162819.315436494129244 ], [ 576567.509992528241128, 162773.246423972712364 ] ] ] } },
{ "type": "Feature", "properties": { "PROW_ID": "RC21", "TYPE": "Footpath" }, "geometry": { "type": "MultiLineString", "coordinates": [ [ [ 576137.461875637527555, 163065.862503504438791 ], [ 576397.192946234717965, 163332.177575889567379 ], [ 576432.19795574946329, 163312.955570663383696 ] ] ] } },
{ "type": "Feature", "properties": { "PROW_ID": "RC10", "TYPE": "Footpath" }, "geometry": { "type": "MultiLineString", "coordinates": [ [ [ 576225.104899459867738, 163156.709528194216546 ], [ 576278.580913995043375, 163084.914508683490567 ], [ 576308.091922015883029, 162961.892475250700954 ], [ 576454.8099618954584, 162821.230437010759488 ] ] ] } },
{ "type": "Feature", "properties": { "PROW_ID": "RC37", "TYPE": "Footpath" }, "geometry": { "type": "MultiLineString", "coordinates": [ [ [ 576863.796073061297648, 162479.554344140342437 ], [ 576825.423062631161883, 162653.9823915536399 ], [ 576853.157070169458166, 162703.404404986475129 ], [ 577039.111120713292621, 162699.493403925851453 ], [ 577209.846167120616883, 162638.846387436322402 ] ] ] } },
{ "type": "Feature", "properties": { "PROW_ID": "GB20", "TYPE": "Footpath" }, "geometry": { "type": "MultiLineString", "coordinates": [ [ [ 576515.946978513034992, 168584.963003642798867 ], [ 576660.798017884837463, 168713.529038584791124 ] ] ] } },
{ "type": "Feature", "properties": { "PROW_ID": "GB21", "TYPE": "Footpath" }, "geometry": { "type": "MultiLineString", "coordinates": [ [ [ 576267.18891089851968, 168769.765053868701216 ], [ 576881.230077800224535, 168280.25992081745062 ] ] ] } },
{ "type": "Feature", "properties": { "PROW_ID": "GB49", "TYPE": "Footpath" }, "geometry": { "type": "MultiLineString", "coordinates": [ [ [ 576844.013067684136331, 167817.753795112716034 ], [ 576711.141031568637118, 167480.243703366606496 ] ] ] } },
{ "type": "Feature", "properties": { "PROW_ID": "GB48", "TYPE": "Footpath" }, "geometry": { "type": "MultiLineString", "coordinates": [ [ [ 576307.878921958617866, 167844.067802256206051 ], [ 576333.046928799245507, 168040.070855536323506 ] ] ] } },
{ "type": "Feature", "properties": { "PROW_ID": "RC35", "TYPE": "Footpath" }, "geometry": { "type": "MultiLineString", "coordinates": [ [ [ 576454.197961729601957, 167715.769767383928411 ], [ 576711.141031568637118, 167480.243703366606496 ] ] ] } },
{ "type": "Feature", "properties": { "PROW_ID": "RC4", "TYPE": "Footpath" }, "geometry": { "type": "MultiLineString", "coordinates": [ [ [ 576638.758011894067749, 165875.303267140232492 ], [ 576296.358918827259913, 166122.058334202680271 ], [ 576188.62588954414241, 166167.569346581236459 ] ] ] } },
{ "type": "Feature", "properties": { "PROW_ID": "RS112", "TYPE": "Bridleway" }, "geometry": { "type": "MultiLineString", "coordinates": [ [ [ 577856.259342820965685, 173402.20231301576132 ], [ 578052.502396161668003, 173189.009255060809664 ], [ 578178.439430392580107, 173112.053234139049891 ], [ 578655.856560158543289, 172588.478091831726488 ] ] ] } },
{ "type": "Feature", "properties": { "PROW_ID": "RS4", "TYPE": "Footpath" }, "geometry": { "type": "MultiLineString", "coordinates": [ [ [ 585084.946307638776489, 176472.001147410192061 ], [ 584887.608254000893794, 176908.531266055942979 ], [ 584786.939226638060063, 176946.090276272385381 ], [ 584565.047166326083243, 176859.831252819276415 ], [ 584511.253151704324409, 176876.636257388978265 ], [ 584542.323160149506293, 176952.475278001686092 ], [ 584648.420188987278379, 176979.583285377069842 ], [ 584633.051184810232371, 177039.455301641020924 ], [ 584935.053266896633431, 176999.609290816064458 ], [ 585043.48829637025483, 176886.352260027721059 ], [ 585072.890304362168536, 176749.047222705965396 ], [ 585134.866321207373403, 176708.253211626957636 ], [ 585376.716386944521219, 176741.511220656626392 ], [ 585486.735416848678142, 176838.841247116739396 ], [ 585766.814492976409383, 176847.605249502463266 ], [ 585872.383521671174094, 176767.458227709925268 ], [ 585924.819535923423246, 176668.170200723572634 ], [ 586291.063635471975431, 176669.150200988748111 ], [ 586502.175692853750661, 176710.436212212604005 ], [ 586653.367733949213289, 176803.312237457488663 ], [ 586734.194755918346345, 176921.966269713360816 ], [ 586756.865762080531567, 177073.701310958713293 ], [ 586549.105705609894358, 177383.700395210064016 ], [ 586448.470678256126121, 177459.845415915246122 ], [ 586042.726567971520126, 177557.531442466308363 ], [ 586016.03156071563717, 177523.818433300417382 ], [ 585870.554521173704416, 177546.010439336241689 ], [ 585589.395444752648473, 177874.959528737876099 ], [ 585527.788428007392213, 178054.184577454812825 ], [ 585557.001435947488062, 178168.684608579904307 ], [ 585489.399417572654784, 178490.601696082623675 ], [ 585236.520348837831989, 178534.522708021453582 ], [ 585057.378300145734102, 178499.041698371467646 ], [ 584897.553256704006344, 178586.286722084332723 ], [ 584864.779247795930132, 178719.822758378344588 ], [ 584812.909233697107993, 178755.857768172922079 ], [ 584149.466053367592394, 178620.416731361590791 ], [ 583837.714968631276861, 178852.644794479827397 ], [ 583528.370884548639879, 178861.025796768022701 ], [ 583199.545795171521604, 178747.882766009599436 ], [ 582865.64870441518724, 178732.676761878246907 ], [ 582703.658660385059193, 178687.967749726085458 ], [ 582754.188674119533971, 178577.469719690445345 ], [ 582573.464624996995553, 178516.921703238389455 ], [ 582544.959617249201983, 178552.71571296552429 ], [ 582209.647526108776219, 178494.879697236989159 ], [ 582085.652492405613884, 178438.574681943224277 ], [ 581987.478465721243992, 178337.302654413389973 ], [ 581935.254451526328921, 178318.965649428835604 ], [ 581912.091445230296813, 178391.670669190702029 ], [ 581709.72039022424724, 178270.557636268611532 ], [ 581632.852369330590591, 178264.930634744174313 ], [ 581433.355315106105991, 178664.915743453952018 ], [ 581438.358316465630196, 178768.357771580282133 ], [ 581372.079298450495116, 178818.629785241733771 ], [ 580746.369128377526067, 179019.754839902394451 ], [ 580602.462089261971414, 178986.598830899223685 ], [ 580054.674940369091928, 179185.104884847300127 ], [ 579927.507905803853646, 179176.84888261166634 ], [ 579757.547859607380815, 179291.235913696757052 ], [ 579625.982823846978135, 179319.885921483510174 ], [ 579599.122816546005197, 179294.431914570741355 ], [ 579598.199816295178607, 178797.840779586229473 ], [ 579373.840755312587135, 178744.732765154971275 ], [ 579222.267714113928378, 178829.893788297718856 ], [ 578849.459612781414762, 179272.083908490312751 ], [ 578251.82545033947099, 179229.381896887032781 ], [ 577848.355340672773309, 179282.741911394172348 ], [ 577754.064315043622628, 179240.50589991355082 ], [ 577791.565325236879289, 178979.857829060580116 ], [ 578013.501385560957715, 178883.485802869370673 ], [ 578135.193418638082221, 178762.873770078702364 ], [ 578144.559421183541417, 178675.948746460140683 ], [ 578278.868457689881325, 178636.388735704298597 ] ] ] } },
{ "type": "Feature", "properties": { "PROW_ID": "RS46", "TYPE": "Footpath" }, "geometry": { "type": "MultiLineString", "coordinates": [ [ [ 578551.640531831537373, 173931.450456864782609 ], [ 578355.589478543610312, 174106.609504467865918 ], [ 578288.089460196439177, 174213.529533532680944 ], [ 578263.308453460689634, 174295.442555797460955 ], [ 578335.260473017580807, 174474.15160437906161 ], [ 578080.069403654895723, 174711.753668951627333 ], [ 577942.386366231134161, 174982.827742641093209 ] ] ] } },
{ "type": "Feature", "properties": { "PROW_ID": "RS101", "TYPE": "Footpath" }, "geometry": { "type": "MultiLineString", "coordinates": [ [ [ 577937.093364792643115, 172388.13203737931326 ], [ 577967.81037314189598, 172395.367039337928873 ], [ 578038.726392417331226, 172323.097019697364885 ], [ 578282.253458609920926, 172361.86603024014039 ] ] ] } },
{ "type": "Feature", "properties": { "PROW_ID": "RS50", "TYPE": "Footpath" }, "geometry": { "type": "MultiLineString", "coordinates": [ [ [ 578897.952625962207094, 176226.99708081188146 ], [ 578252.792450602166355, 176076.022039778996259 ], [ 577991.539379591471516, 176165.302064046554733 ], [ 577369.058210396207869, 176484.434150782064535 ], [ 577214.50416838680394, 176507.998157194117084 ], [ 577152.799151615006849, 176432.71213672606973 ], [ 577025.919117127778009, 176387.676124492892995 ], [ 576995.806108942837454, 176322.67910681880312 ], [ 576814.590059686684981, 176372.504120366822463 ], [ 576647.611014300375246, 176367.969119129818864 ], [ 576594.954999988316558, 176162.355063240160234 ], [ 576540.123985084705055, 176100.818046515749302 ] ] ] } },
{ "type": "Feature", "properties": { "PROW_ID": "RS41", "TYPE": "Footpath" }, "geometry": { "type": "MultiLineString", "coordinates": [ [ [ 577493.497244219295681, 175958.987007969873957 ], [ 577624.88127993082162, 175725.225944428297225 ], [ 577773.731320389546454, 175577.448904257209506 ], [ 577888.300351530080661, 175616.871914980467409 ] ] ] } },
{ "type": "Feature", "properties": { "PROW_ID": "RS40", "TYPE": "Footpath" }, "geometry": { "type": "MultiLineString", "coordinates": [ [ [ 577415.470223011216149, 176458.549143746262416 ], [ 577696.118299293797463, 176081.668041304918006 ], [ 577826.471334724454209, 175993.858017448917963 ], [ 577888.321351535967551, 175616.709914936334826 ], [ 577908.341356977354735, 175626.162917504960205 ], [ 578002.499382570618764, 175345.517841215070803 ] ] ] } },
{ "type": "Feature", "properties": { "PROW_ID": "RS45A", "TYPE": "Restricted Byway" }, "geometry": { "type": "MultiLineString", "coordinates": [ [ [ 577421.017224518815055, 174201.466530253645033 ], [ 577334.378200969425961, 174648.905651875655167 ], [ 577297.646190985571593, 174666.18765656859614 ], [ 577368.437210227129981, 174985.295743310125545 ] ] ] } },
{ "type": "Feature", "properties": { "PROW_ID": "RCX32", "TYPE": "Footpath" }, "geometry": { "type": "MultiLineString", "coordinates": [ [ [ 575808.414786199689843, 166056.925316502340138 ], [ 575908.53381341311615, 166039.477311755588744 ] ] ] } },
{ "type": "Feature", "properties": { "PROW_ID": "RCX27", "TYPE": "Footpath" }, "geometry": { "type": "MultiLineString", "coordinates": [ [ [ 576525.955981233622879, 166866.976536683505401 ], [ 576574.133994328789413, 166827.104525847011246 ] ] ] } },
{ "type": "Feature", "properties": { "PROW_ID": "RCX26", "TYPE": "Footpath" }, "geometry": { "type": "MultiLineString", "coordinates": [ [ [ 576640.256012301542796, 166974.926566017675214 ], [ 576665.283019103924744, 166954.72656053112587 ] ] ] } },
{ "type": "Feature", "properties": { "PROW_ID": "RCX23", "TYPE": "Footpath" }, "geometry": { "type": "MultiLineString", "coordinates": [ [ [ 576944.204094917280599, 167204.943628536711913 ], [ 576850.157069354550913, 167113.782603761414066 ] ] ] } },
{ "type": "Feature", "properties": { "PROW_ID": "RCX24", "TYPE": "Footpath" }, "geometry": { "type": "MultiLineString", "coordinates": [ [ [ 576825.750062720500864, 167316.716658920166083 ], [ 576895.527081686072052, 167295.602653187757824 ] ] ] } },
{ "type": "Feature", "properties": { "PROW_ID": "RCX25", "TYPE": "Footpath" }, "geometry": { "type": "MultiLineString", "coordinates": [ [ [ 576754.607043383293785, 167417.77268638642272 ], [ 576741.022039690753445, 167400.392681662342511 ], [ 576801.07305601274129, 167332.261663153709378 ] ] ] } },
{ "type": "Feature", "properties": { "PROW_ID": "RCX39", "TYPE": "Footpath" }, "geometry": { "type": "MultiLineString", "coordinates": [ [ [ 576476.655967833707109, 167624.495742581435479 ], [ 576623.960007871966809, 167559.774724987859372 ] ] ] } },
{ "type": "Feature", "properties": { "PROW_ID": "RCX38", "TYPE": "Footpath" }, "geometry": { "type": "MultiLineString", "coordinates": [ [ [ 576328.170927474158816, 167702.783763857500162 ], [ 576328.237927492358722, 167735.781772825401276 ], [ 576357.149935350869782, 167734.633772515051533 ], [ 576476.701967846020125, 167692.412761041137855 ] ] ] } },
{ "type": "Feature", "properties": { "PROW_ID": "RCX11", "TYPE": "Footpath" }, "geometry": { "type": "MultiLineString", "coordinates": [ [ [ 576283.561915348749608, 167554.823723645124119 ], [ 576260.070908963680267, 167483.20570418034913 ] ] ] } },
{ "type": "Feature", "properties": { "PROW_ID": "RCX52", "TYPE": "Footpath" }, "geometry": { "type": "MultiLineString", "coordinates": [ [ [ 576525.320981061086059, 165770.329238601843826 ], [ 576534.60698358528316, 165719.746224851114675 ] ] ] } },
{ "type": "Feature", "properties": { "PROW_ID": "RCX46", "TYPE": "Footpath" }, "geometry": { "type": "MultiLineString", "coordinates": [ [ [ 577042.421121613355353, 166309.264385086717084 ], [ 577107.376139268511906, 166281.333377499191556 ] ] ] } },
{ "type": "Feature", "properties": { "PROW_ID": "RCX43", "TYPE": "Footpath" }, "geometry": { "type": "MultiLineString", "coordinates": [ [ [ 577086.536133604357019, 166537.861447218863759 ], [ 577143.873149188817479, 166498.222436444717459 ] ] ] } },
{ "type": "Feature", "properties": { "PROW_ID": "RCX41", "TYPE": "Footpath" }, "geometry": { "type": "MultiLineString", "coordinates": [ [ [ 577360.408208044944331, 166465.133427453693002 ], [ 577377.325212643132545, 166445.626422152621672 ] ] ] } },
{ "type": "Feature", "properties": { "PROW_ID": "RCX45", "TYPE": "Footpath" }, "geometry": { "type": "MultiLineString", "coordinates": [ [ [ 577519.733251350931823, 166696.160490246373229 ], [ 577682.928295708494261, 166666.950482311251108 ] ] ] } },
{ "type": "Feature", "properties": { "PROW_ID": "RCX40", "TYPE": "Footpath" }, "geometry": { "type": "MultiLineString", "coordinates": [ [ [ 577163.034154396736994, 166952.052559809060767 ], [ 577320.978197327582166, 166813.00152201007586 ] ] ] } },
{ "type": "Feature", "properties": { "PROW_ID": "RCX55", "TYPE": "Footpath" }, "geometry": { "type": "MultiLineString", "coordinates": [ [ [ 576092.441863400861621, 164962.844019121548627 ], [ 576114.881869500270113, 164943.838013954751659 ] ] ] } },
{ "type": "Feature", "properties": { "PROW_ID": "RCX54", "TYPE": "Footpath" }, "geometry": { "type": "MultiLineString", "coordinates": [ [ [ 575989.461835410096683, 164993.061027334013488 ], [ 576048.325851409928873, 164931.952010722307023 ] ] ] } },
{ "type": "Feature", "properties": { "PROW_ID": "RCX56", "TYPE": "Footpath" }, "geometry": { "type": "MultiLineString", "coordinates": [ [ [ 576176.825886337202974, 165147.050069187534973 ], [ 576219.566897954558954, 165086.936052847653627 ] ] ] } },
{ "type": "Feature", "properties": { "PROW_ID": "RCX51", "TYPE": "Footpath" }, "geometry": { "type": "MultiLineString", "coordinates": [ [ [ 576169.491884343791753, 165584.275188027822878 ], [ 576204.747893926454708, 165509.93516782525694 ] ] ] } },
{ "type": "Feature", "properties": { "PROW_ID": "RCX50", "TYPE": "Footpath" }, "geometry": { "type": "MultiLineString", "coordinates": [ [ [ 575651.870743649778888, 165671.303211684979033 ], [ 575920.799816747079603, 165422.983144188823644 ] ] ] } },
{ "type": "Feature", "properties": { "PROW_ID": "RCX33", "TYPE": "Footpath" }, "geometry": { "type": "MultiLineString", "coordinates": [ [ [ 575402.07367575308308, 166396.275408737303223 ], [ 575498.31470191210974, 166389.526406903460156 ] ] ] } },
{ "type": "Feature", "properties": { "PROW_ID": "RCX34", "TYPE": "Footpath" }, "geometry": { "type": "MultiLineString", "coordinates": [ [ [ 575463.468692440539598, 166588.781461065460462 ], [ 575449.561688660411164, 166511.254439995449502 ] ] ] } },
{ "type": "Feature", "properties": { "PROW_ID": "RCX31", "TYPE": "Footpath" }, "geometry": { "type": "MultiLineString", "coordinates": [ [ [ 575711.74775992508512, 166658.512480013072491 ], [ 575720.947762425756082, 166584.651459940010682 ], [ 575870.409803050686605, 166589.812461341090966 ] ] ] } },
{ "type": "Feature", "properties": { "PROW_ID": "RCX30", "TYPE": "Footpath" }, "geometry": { "type": "MultiLineString", "coordinates": [ [ [ 575912.222814415814355, 166810.222521255956963 ], [ 575911.566814237390645, 166779.141512811649591 ] ] ] } },
{ "type": "Feature", "properties": { "PROW_ID": "RCX29", "TYPE": "Footpath" }, "geometry": { "type": "MultiLineString", "coordinates": [ [ [ 575883.505806610221043, 166982.481568075541873 ], [ 575937.822821374051273, 166957.497561287251301 ] ] ] } },
{ "type": "Feature", "properties": { "PROW_ID": "RCX19", "TYPE": "Footpath" }, "geometry": { "type": "MultiLineString", "coordinates": [ [ [ 575860.229800283676013, 167032.722581727837678 ], [ 575884.636806917609647, 167024.213579422037583 ] ] ] } },
{ "type": "Feature", "properties": { "PROW_ID": "RCX13", "TYPE": "Footpath" }, "geometry": { "type": "MultiLineString", "coordinates": [ [ [ 575991.096835854463279, 167368.429672976140864 ], [ 576033.917847493314184, 167359.958670680352952 ], [ 576023.539844672894105, 167331.508662941458169 ] ] ] } },
{ "type": "Feature", "properties": { "PROW_ID": "RCX16", "TYPE": "Footpath" }, "geometry": { "type": "MultiLineString", "coordinates": [ [ [ 575531.216710855253041, 167427.121688930725213 ], [ 575633.761738727800548, 167415.796685858629644 ] ] ] } },
{ "type": "Feature", "properties": { "PROW_ID": "RCX18", "TYPE": "Footpath" }, "geometry": { "type": "MultiLineString", "coordinates": [ [ [ 575434.986684698960744, 167446.904694315162487 ], [ 575512.037705642171204, 167425.645688533724751 ] ] ] } },
{ "type": "Feature", "properties": { "PROW_ID": "RCX4", "TYPE": "Footpath" }, "geometry": { "type": "MultiLineString", "coordinates": [ [ [ 575615.998733899788931, 167734.387772444402799 ], [ 575629.333737524459139, 167714.067766920547001 ] ] ] } },
{ "type": "Feature", "properties": { "PROW_ID": "RCX5", "TYPE": "Footpath" }, "geometry": { "type": "MultiLineString", "coordinates": [ [ [ 576120.469871018896811, 167720.935768798866775 ], [ 576092.12386331462767, 167674.088756055629347 ] ] ] } },
{ "type": "Feature", "properties": { "PROW_ID": "RCX8", "TYPE": "Footpath" }, "geometry": { "type": "MultiLineString", "coordinates": [ [ [ 575951.171825002180412, 167834.413799642003141 ], [ 575921.272816875600256, 167796.865789433999453 ] ] ] } },
{ "type": "Feature", "properties": { "PROW_ID": "RCX10", "TYPE": "Footpath" }, "geometry": { "type": "MultiLineString", "coordinates": [ [ [ 575824.914790684822947, 167857.57880593003938 ], [ 575755.81877190398518, 167798.877789974038024 ] ] ] } },
{ "type": "Feature", "properties": { "PROW_ID": "RCX2", "TYPE": "Footpath" }, "geometry": { "type": "MultiLineString", "coordinates": [ [ [ 575575.197722809622064, 168019.122849836421665 ], [ 575575.695722944918089, 167986.26484091009479 ] ] ] } },
{ "type": "Feature", "properties": { "PROW_ID": "RCX3", "TYPE": "Footpath" }, "geometry": { "type": "MultiLineString", "coordinates": [ [ [ 575500.239702435210347, 168059.090860710595734 ], [ 575517.334707081899978, 168014.352848545007873 ] ] ] } },
{ "type": "Feature", "properties": { "PROW_ID": "RCX48", "TYPE": "Footpath" }, "geometry": { "type": "MultiLineString", "coordinates": [ [ [ 576197.838892048574053, 167937.168827567598782 ], [ 576317.25392450671643, 167915.110821574402507 ] ] ] } },
{ "type": "Feature", "properties": { "PROW_ID": "RCX47", "TYPE": "Footpath" }, "geometry": { "type": "MultiLineString", "coordinates": [ [ [ 576017.877843133639544, 168090.27486918354407 ], [ 576193.797890949994326, 168025.122851476829965 ], [ 576184.469888414954767, 167943.756829354329966 ] ] ] } },
{ "type": "Feature", "properties": { "PROW_ID": "RCX35", "TYPE": "Footpath" }, "geometry": { "type": "MultiLineString", "coordinates": [ [ [ 576009.148840761044994, 168098.451871405122802 ], [ 576451.226960921660066, 167714.244766974938102 ] ] ] } },
{ "type": "Feature", "properties": { "PROW_ID": "RCX36", "TYPE": "Footpath" }, "geometry": { "type": "MultiLineString", "coordinates": [ [ [ 576095.39486420340836, 167943.121829183073714 ], [ 576103.476866400218569, 167990.31984201335581 ] ] ] } },
{ "type": "Feature", "properties": { "PROW_ID": "RCX6", "TYPE": "Footpath" }, "geometry": { "type": "MultiLineString", "coordinates": [ [ [ 576049.581851751194336, 167953.064831886033062 ], [ 576122.590871595661156, 167936.503827384323813 ] ] ] } },
{ "type": "Feature", "properties": { "PROW_ID": "RCX1", "TYPE": "Footpath" }, "geometry": { "type": "MultiLineString", "coordinates": [ [ [ 575749.367770150536671, 168644.25801975466311 ], [ 575689.387753847404383, 168645.584020117181353 ], [ 575667.641747936722822, 168579.863002255675383 ], [ 575637.412739719962701, 168423.635959797131363 ], [ 575660.540746006183326, 168357.843941913801245 ] ] ] } },
{ "type": "Feature", "properties": { "PROW_ID": "RC12", "TYPE": "Footpath" }, "geometry": { "type": "MultiLineString", "coordinates": [ [ [ 575074.466586706694216, 163721.671681759878993 ], [ 575001.110566767863929, 163531.585630092886277 ], [ 575048.363579611526802, 163203.313540868693963 ] ] ] } },
{ "type": "Feature", "properties": { "PROW_ID": "RC19", "TYPE": "Footpath" }, "geometry": { "type": "MultiLineString", "coordinates": [ [ [ 574898.675538925337605, 163308.669569499674253 ], [ 574922.28354534204118, 163414.906598382571246 ], [ 575000.227566528134048, 163433.85160352406092 ] ] ] } },
{ "type": "Feature", "properties": { "PROW_ID": "RC30", "TYPE": "Footpath" }, "geometry": { "type": "MultiLineString", "coordinates": [ [ [ 575228.277628513984382, 164004.219758555176668 ], [ 575160.404610065044835, 164031.710766034433618 ] ] ] } },
{ "type": "Feature", "properties": { "PROW_ID": "RC17", "TYPE": "Footpath" }, "geometry": { "type": "MultiLineString", "coordinates": [ [ [ 575128.363601356046274, 164040.999768561159726 ], [ 574970.212558369617909, 164075.372777897224296 ] ] ] } },
{ "type": "Feature", "properties": { "PROW_ID": "RC18", "TYPE": "Footpath" }, "geometry": { "type": "MultiLineString", "coordinates": [ [ [ 574792.840510158333927, 164847.730987832823303 ], [ 575445.463687546551228, 164545.892905793618411 ] ] ] } },
{ "type": "Feature", "properties": { "PROW_ID": "RRX47", "TYPE": "Footpath" }, "geometry": { "type": "MultiLineString", "coordinates": [ [ [ 574531.90243923291564, 167091.104597605066374 ], [ 574580.647452482255176, 167090.392597407510038 ] ] ] } },
{ "type": "Feature", "properties": { "PROW_ID": "RRX37", "TYPE": "Footpath" }, "geometry": { "type": "MultiLineString", "coordinates": [ [ [ 574611.480460863094777, 166603.941465182520915 ], [ 574705.597486445098184, 166597.46246341970982 ] ] ] } },
{ "type": "Feature", "properties": { "PROW_ID": "RRX4", "TYPE": "Footpath" }, "geometry": { "type": "MultiLineString", "coordinates": [ [ [ 574262.534366016741842, 168658.896023735345807 ], [ 574238.242359413998201, 168640.108018627797719 ] ] ] } },
{ "type": "Feature", "properties": { "PROW_ID": "RRX5", "TYPE": "Footpath" }, "geometry": { "type": "MultiLineString", "coordinates": [ [ [ 574313.435379851958714, 168724.875041677325498 ], [ 574259.097365082590841, 168683.773030496027786 ] ] ] } },
{ "type": "Feature", "properties": { "PROW_ID": "RRX28", "TYPE": "Footpath" }, "geometry": { "type": "MultiLineString", "coordinates": [ [ [ 574233.02635799581185, 166941.615556971984915 ], [ 574229.339356993674301, 166877.758539611648303 ], [ 574262.059365887194872, 166867.626536859374028 ] ] ] } },
{ "type": "Feature", "properties": { "PROW_ID": "RRX26", "TYPE": "Footpath" }, "geometry": { "type": "MultiLineString", "coordinates": [ [ [ 574854.585526940878481, 167280.860649179841857 ], [ 575000.031566474586725, 167282.970649751718156 ], [ 575096.236592623754404, 167224.521633868745994 ] ] ] } },
{ "type": "Feature", "properties": { "PROW_ID": "RRX25", "TYPE": "Footpath" }, "geometry": { "type": "MultiLineString", "coordinates": [ [ [ 574761.013501507346518, 167387.107678059139289 ], [ 574821.622517981333658, 167404.472682777966838 ] ] ] } },
{ "type": "Feature", "properties": { "PROW_ID": "RRX2", "TYPE": "Footpath" }, "geometry": { "type": "MultiLineString", "coordinates": [ [ [ 574314.405380115611479, 168570.844999808410648 ], [ 574285.789372337516397, 168548.736993794096634 ], [ 574261.398365707951598, 168572.389000219525769 ] ] ] } },
{ "type": "Feature", "properties": { "PROW_ID": "RRX9", "TYPE": "Footpath" }, "geometry": { "type": "MultiLineString", "coordinates": [ [ [ 574616.127462125965394, 167956.242832747870125 ], [ 574632.578466597595252, 167956.304832764610182 ] ] ] } },
{ "type": "Feature", "properties": { "PROW_ID": "RRX1", "TYPE": "Footpath" }, "geometry": { "type": "MultiLineString", "coordinates": [ [ [ 574438.63241388136521, 168520.792986203916371 ], [ 574386.48539970733691, 168464.656970945303328 ] ] ] } },
{ "type": "Feature", "properties": { "PROW_ID": "RRX45", "TYPE": "Footpath" }, "geometry": { "type": "MultiLineString", "coordinates": [ [ [ 575012.754569932818413, 166527.939444527088199 ], [ 574943.747551176114939, 166456.77242518105777 ] ] ] } },
{ "type": "Feature", "properties": { "PROW_ID": "RRX43", "TYPE": "Footpath" }, "geometry": { "type": "MultiLineString", "coordinates": [ [ [ 575197.800620229798369, 166032.706309919827618 ], [ 575248.413633986958303, 166096.734327320125885 ] ] ] } },
{ "type": "Feature", "properties": { "PROW_ID": "RRX42", "TYPE": "Footpath" }, "geometry": { "type": "MultiLineString", "coordinates": [ [ [ 575074.310586664592847, 165399.156137710204348 ], [ 575130.847602031659335, 165254.37209835764952 ] ] ] } },
{ "type": "Feature", "properties": { "PROW_ID": "RRX41", "TYPE": "Footpath" }, "geometry": { "type": "MultiLineString", "coordinates": [ [ [ 574585.372453766409308, 165309.247113282966893 ], [ 574549.574444036581554, 165259.942099877807777 ] ] ] } },
{ "type": "Feature", "properties": { "PROW_ID": "RRX39", "TYPE": "Footpath" }, "geometry": { "type": "MultiLineString", "coordinates": [ [ [ 574451.242417308967561, 165711.472222604730632 ], [ 574515.567434793105349, 166049.562314501381479 ] ] ] } },
{ "type": "Feature", "properties": { "PROW_ID": "RRX36", "TYPE": "Footpath" }, "geometry": { "type": "MultiLineString", "coordinates": [ [ [ 574439.447414103080519, 166607.963466276880354 ], [ 574513.27243416919373, 166590.122461431194097 ] ] ] } },
{ "type": "Feature", "properties": { "PROW_ID": "RRX34", "TYPE": "Footpath" }, "geometry": { "type": "MultiLineString", "coordinates": [ [ [ 574713.325488545233384, 166747.813504293968435 ], [ 574836.4255220053019, 166732.501500122831203 ] ] ] } },
{ "type": "Feature", "properties": { "PROW_ID": "RRX33", "TYPE": "Footpath" }, "geometry": { "type": "MultiLineString", "coordinates": [ [ [ 574616.542462238576263, 166804.145519609097391 ], [ 574699.422484766226262, 166781.747513516747858 ] ] ] } },
{ "type": "Feature", "properties": { "PROW_ID": "RRX30", "TYPE": "Footpath" }, "geometry": { "type": "MultiLineString", "coordinates": [ [ [ 574283.627371749607846, 166743.977503249829169 ], [ 574419.447408666834235, 166688.422488147276454 ] ] ] } },
{ "type": "Feature", "properties": { "PROW_ID": "RRX24", "TYPE": "Footpath" }, "geometry": { "type": "MultiLineString", "coordinates": [ [ [ 574670.52947691292502, 167445.365693890140392 ], [ 574727.572492417879403, 167460.372697968035936 ] ] ] } },
{ "type": "Feature", "properties": { "PROW_ID": "RRX23", "TYPE": "Footpath" }, "geometry": { "type": "MultiLineString", "coordinates": [ [ [ 574393.716401672689244, 167782.81978561275173 ], [ 574402.802404142334126, 167760.383779517491348 ] ] ] } },
{ "type": "Feature", "properties": { "PROW_ID": "RRX32", "TYPE": "Footpath" }, "geometry": { "type": "MultiLineString", "coordinates": [ [ [ 575045.094578723073937, 167830.974798700015526 ], [ 575048.117579544545151, 167896.792816591332667 ] ] ] } },
{ "type": "Feature", "properties": { "PROW_ID": "RRX20", "TYPE": "Footpath" }, "geometry": { "type": "MultiLineString", "coordinates": [ [ [ 574988.464563330635428, 167814.659794267499819 ], [ 575175.345614126301371, 167736.617773057136219 ] ] ] } },
{ "type": "Feature", "properties": { "PROW_ID": "RRX7", "TYPE": "Footpath" }, "geometry": { "type": "MultiLineString", "coordinates": [ [ [ 574524.848437315318733, 168027.339852081960998 ], [ 574593.504455977119505, 167969.341836308594793 ] ] ] } },
{ "type": "Feature", "properties": { "PROW_ID": "GBX7", "TYPE": "Footpath" }, "geometry": { "type": "MultiLineString", "coordinates": [ [ [ 576998.407109649851918, 168788.140058865363244 ], [ 577078.642131458502263, 168772.801054696203209 ] ] ] } },
{ "type": "Feature", "properties": { "PROW_ID": "RS75", "TYPE": "Footpath" }, "geometry": { "type": "MultiLineString", "coordinates": [ [ [ 575273.610640835482627, 174055.588490610185545 ], [ 574766.1205028956756, 173842.136432581988629 ], [ 574772.094504519249313, 173453.148326858412474 ] ] ] } },
{ "type": "Feature", "properties": { "PROW_ID": "RS52", "TYPE": "Footpath" }, "geometry": { "type": "MultiLineString", "coordinates": [ [ [ 575870.122802972560748, 175939.780002744693775 ], [ 575597.877728973864578, 175917.619996722147334 ] ] ] } },
{ "type": "Feature", "properties": { "PROW_ID": "RC3", "TYPE": "Footpath" }, "geometry": { "type": "MultiLineString", "coordinates": [ [ [ 576705.602030063048005, 166610.945467088487931 ], [ 576742.9350402103737, 166340.724393647222314 ], [ 576673.602021364844404, 166243.302367166907061 ], [ 576557.281989748356864, 165942.240285331907216 ], [ 576187.914889351115562, 165935.392283471301198 ], [ 575777.973777925595641, 165771.914239037607331 ] ] ] } },
{ "type": "Feature", "properties": { "PROW_ID": "RS327", "TYPE": "Footpath" }, "geometry": { "type": "MultiLineString", "coordinates": [ [ [ 574858.206527925562114, 170219.139447826426476 ], [ 574924.275545883458108, 170174.309435644128826 ], [ 575059.341582595836371, 169983.383383744338062 ] ] ] } },
{ "type": "Feature", "properties": { "PROW_ID": "RS328", "TYPE": "Footpath" }, "geometry": { "type": "MultiLineString", "coordinates": [ [ [ 574711.622488082386553, 169975.426381588215008 ], [ 574637.698467989452183, 169998.310387800389435 ], [ 574668.276476301020011, 170084.709411283722147 ], [ 574520.349436093238182, 170120.293420954549219 ], [ 574361.413392892689444, 170229.565450663561933 ] ] ] } },
{ "type": "Feature", "properties": { "PROW_ID": "RR8", "TYPE": "Footpath" }, "geometry": { "type": "MultiLineString", "coordinates": [ [ [ 574502.108431134955026, 169455.752240328118205 ], [ 574411.56640652497299, 169494.490250857546926 ], [ 574259.047365068923682, 169445.163237451110035 ] ] ] } },
{ "type": "Feature", "properties": { "PROW_ID": "RR6", "TYPE": "Footpath" }, "geometry": { "type": "MultiLineString", "coordinates": [ [ [ 574444.988415609463118, 169886.666357452864759 ], [ 574377.136397166410461, 169819.1873391213594 ], [ 574475.481423897435889, 169687.379303294583224 ] ] ] } },
{ "type": "Feature", "properties": { "PROW_ID": "RR9", "TYPE": "Footpath" }, "geometry": { "type": "MultiLineString", "coordinates": [ [ [ 574419.877408783766441, 169495.97425126878079 ], [ 574438.232413772959262, 169651.289293478475884 ], [ 574562.904447659850121, 169765.613324552599806 ] ] ] } },
{ "type": "Feature", "properties": { "PROW_ID": "RS121", "TYPE": "Footpath" }, "geometry": { "type": "MultiLineString", "coordinates": [ [ [ 575818.086788828717545, 170497.563523509248625 ], [ 575765.871774636441842, 170291.642467535682954 ], [ 575391.481672873953357, 169993.529386508336756 ], [ 575224.722627547569573, 169950.241374739503954 ], [ 575007.311568453558721, 169982.726383564760908 ], [ 574958.12055508303456, 170022.452394362306222 ], [ 574931.746547914226539, 169979.017382562335115 ], [ 574769.529503822210245, 169963.271378283970989 ] ] ] } },
{ "type": "Feature", "properties": { "PROW_ID": "RRX8", "TYPE": "Footpath" }, "geometry": { "type": "MultiLineString", "coordinates": [ [ [ 574533.15743957425002, 168018.257849603251088 ], [ 574517.072435202077031, 167983.405840136285406 ] ] ] } },
{ "type": "Feature", "properties": { "PROW_ID": "RRX18", "TYPE": "Footpath" }, "geometry": { "type": "MultiLineString", "coordinates": [ [ [ 574853.118526541860774, 167921.697823367663659 ], [ 574841.369523348868825, 167865.111807978886645 ] ] ] } },
{ "type": "Feature", "properties": { "PROW_ID": "RS122", "TYPE": "Footpath" }, "geometry": { "type": "MultiLineString", "coordinates": [ [ [ 575214.032624642015435, 169951.492375074187294 ], [ 575219.992626262130216, 170265.985460556228645 ], [ 575384.034670850029215, 170327.369477239379194 ], [ 575412.609678616980091, 170381.34449190995656 ] ] ] } },
{ "type": "Feature", "properties": { "PROW_ID": "RC14", "TYPE": "Footpath" }, "geometry": { "type": "MultiLineString", "coordinates": [ [ [ 575819.204789132811129, 162757.804419767169748 ], [ 575799.649783817352727, 162866.604449346195906 ], [ 575893.871809427626431, 162965.448476216755807 ], [ 575916.98281570954714, 163153.180527238931973 ], [ 575973.112830965896137, 163251.459553955879528 ] ] ] } },
{ "type": "Feature", "properties": { "PROW_ID": "RC7", "TYPE": "Footpath" }, "geometry": { "type": "MultiLineString", "coordinates": [ [ [ 575638.22773994167801, 165066.418047270912211 ], [ 575577.072723318939097, 164834.240984170872252 ], [ 575440.095686087617651, 164548.13490639696829 ] ] ] } },
{ "type": "Feature", "properties": { "PROW_ID": "RC8", "TYPE": "Footpath" }, "geometry": { "type": "MultiLineString", "coordinates": [ [ [ 575624.686736260773614, 164487.833890013280325 ], [ 575723.849763214588165, 164449.089879476523492 ], [ 575797.582783255842514, 164464.108883557724766 ] ] ] } },
{ "type": "Feature", "properties": { "PROW_ID": "RS319", "TYPE": "Footpath" }, "geometry": { "type": "MultiLineString", "coordinates": [ [ [ 570650.86538433493115, 164721.095953408395872 ], [ 570839.560435623861849, 164722.197953706490807 ], [ 570926.907459365320392, 164657.734936192573514 ], [ 570971.261471421224996, 164590.346917867253069 ], [ 570992.81647727987729, 164462.698883180739358 ], [ 570953.503466594265774, 164418.910871276806574 ], [ 571033.361488300259225, 164395.254864846006967 ], [ 571075.978499884251505, 164266.440829834202304 ], [ 571022.389485318097286, 164134.1137938631 ], [ 570774.592417964828201, 164048.778770669305231 ] ] ] } },
{ "type": "Feature", "properties": { "PROW_ID": "RR15", "TYPE": "Footpath" }, "geometry": { "type": "MultiLineString", "coordinates": [ [ [ 573311.508107519941404, 166608.221466350194532 ], [ 573598.467185518005863, 166442.312421247595921 ], [ 573651.475199925713241, 166538.179447315458674 ] ] ] } },
{ "type": "Feature", "properties": { "PROW_ID": "RR15", "TYPE": "Footpath" }, "geometry": { "type": "MultiLineString", "coordinates": [ [ [ 573174.714070337940939, 166730.403499564272352 ], [ 573293.032102497760206, 166594.604462650080677 ] ] ] } },
{ "type": "Feature", "properties": { "PROW_ID": "RR4", "TYPE": "Footpath" }, "geometry": { "type": "MultiLineString", "coordinates": [ [ [ 573260.046093531767838, 169912.075364368909504 ], [ 573164.993067695642821, 170037.06539834063733 ], [ 573142.949061704101041, 170170.398434572853148 ], [ 573067.927041312563233, 170288.797466758056544 ], [ 572858.274984327261336, 170282.955465169914532 ] ] ] } },
{ "type": "Feature", "properties": { "PROW_ID": "RR4", "TYPE": "Footpath" }, "geometry": { "type": "MultiLineString", "coordinates": [ [ [ 572784.390964244958013, 170241.100453794060741 ], [ 572749.992954895365983, 170283.881465419195592 ], [ 572511.783890147926286, 170226.938449949375354 ], [ 572435.495869412319735, 170173.009435286046937 ] ] ] } },
{ "type": "Feature", "properties": { "PROW_ID": "RS201", "TYPE": "Footpath" }, "geometry": { "type": "MultiLineString", "coordinates": [ [ [ 570204.183262922801077, 166125.048335019324441 ], [ 570157.021250103949569, 166173.970348311471753 ], [ 570133.012243578210473, 166312.434385946253315 ], [ 570080.929229421424679, 166384.309405483072624 ], [ 569546.521084164851345, 166707.478493323200382 ], [ 569493.597069779527374, 166577.103457888006233 ], [ 569522.684077685466036, 166175.624348771292716 ], [ 569607.386100708507001, 166025.746308024099562 ], [ 569769.70714482862968, 165428.515145693265367 ], [ 569870.711172282346524, 165249.39609700825531 ], [ 569974.808200576691888, 165356.937126242555678 ], [ 570023.440213795402087, 165168.420074997702613 ], [ 569998.80720710020978, 165061.633045967842918 ], [ 570186.893258223310113, 164756.902963139524218 ] ] ] } },
{ "type": "Feature", "properties": { "PROW_ID": "RRX40", "TYPE": "Footpath" }, "geometry": { "type": "MultiLineString", "coordinates": [ [ [ 574073.878314738278277, 165736.330229360377416 ], [ 574132.872330773388967, 165739.097230109735392 ] ] ] } },
{ "type": "Feature", "properties": { "PROW_ID": "RRX40", "TYPE": "Footpath" }, "geometry": { "type": "MultiLineString", "coordinates": [ [ [ 574055.964309869101271, 165733.407228569267318 ], [ 574066.572312752250582, 165735.452229126065504 ] ] ] } },
{ "type": "Feature", "properties": { "PROW_ID": "RS202", "TYPE": "Footpath" }, "geometry": { "type": "MultiLineString", "coordinates": [ [ [ 570854.545439696521498, 166921.107551398745272 ], [ 570870.764444105094299, 166986.595569197903387 ] ] ] } },
{ "type": "Feature", "properties": { "PROW_ID": "RS202", "TYPE": "Footpath" }, "geometry": { "type": "MultiLineString", "coordinates": [ [ [ 570780.564419587841257, 166801.292518832779024 ], [ 570849.399438298074529, 166912.717549111926928 ] ] ] } },
{ "type": "Feature", "properties": { "PROW_ID": "RRX60", "TYPE": "Footpath" }, "geometry": { "type": "MultiLineString", "coordinates": [ [ [ 574090.203319175750948, 170155.828430619789287 ], [ 574062.65131168672815, 170104.439416654233355 ] ] ] } },
{ "type": "Feature", "properties": { "PROW_ID": "RRX60", "TYPE": "Footpath" }, "geometry": { "type": "MultiLineString", "coordinates": [ [ [ 574109.179324333555996, 170192.510440588986967 ], [ 574098.003321295953356, 170165.328433194197714 ] ] ] } },
{ "type": "Feature", "properties": { "PROW_ID": "RRX60", "TYPE": "Footpath" }, "geometry": { "type": "MultiLineString", "coordinates": [ [ [ 574130.575330149149522, 170271.407462038216181 ], [ 574110.401324665988795, 170194.184441038873047 ] ] ] } },
{ "type": "Feature", "properties": { "PROW_ID": "RS207", "TYPE": "Footpath" }, "geometry": { "type": "MultiLineString", "coordinates": [ [ [ 567857.184624988702126, 163911.379733328940347 ], [ 567810.781612376216799, 163888.494727106939536 ], [ 567647.016567863640375, 164078.102778638654854 ], [ 567473.032520573004149, 164200.87781201780308 ], [ 567300.767473749932833, 164272.772831558831967 ], [ 567606.870556951500475, 164386.209862382966094 ], [ 567724.699588978313841, 164354.835853861528449 ], [ 568162.591708001098596, 164334.918848449306097 ], [ 568232.971727131283842, 164419.821871519379783 ], [ 568499.220799499657005, 164490.875890838215128 ], [ 568594.220825321390294, 164574.601913597958628 ], [ 568701.023854351486079, 164606.835922356520314 ], [ 568822.62788740452379, 164754.844962585833855 ], [ 568981.916930700768717, 164840.379985834471881 ], [ 569035.99594539985992, 164999.743029148667119 ], [ 569150.205976443132386, 165159.464072562172078 ], [ 569512.8490750126075, 165406.142139606876299 ], [ 569699.400125718559138, 165621.372198114928324 ], [ 570062.598224438843317, 165899.945273834397085 ], [ 570325.473295890493318, 166302.708383307559416 ], [ 570450.991330007323995, 166385.951405934523791 ], [ 570961.968468895182014, 166490.31243430217728 ] ] ] } },
{ "type": "Feature", "properties": { "PROW_ID": "RS218", "TYPE": "Footpath" }, "geometry": { "type": "MultiLineString", "coordinates": [ [ [ 569235.288999569136649, 163766.995694083278067 ], [ 569411.25904739939142, 163687.306672416103538 ], [ 569515.915075845667161, 163682.803671200177632 ], [ 569792.527151031303219, 163716.925680470245425 ], [ 570160.106250942335464, 163678.805670111149084 ], [ 570490.853340842179023, 163748.98068918439094 ] ] ] } },
{ "type": "Feature", "properties": { "PROW_ID": "RS218", "TYPE": "Footpath" }, "geometry": { "type": "MultiLineString", "coordinates": [ [ [ 569204.458991189487278, 163777.65769697696669 ], [ 569321.69102305395063, 163542.190632980084047 ], [ 569594.098097096662968, 163504.454622716351878 ], [ 569817.712157876812853, 163388.020591069653165 ], [ 569902.853181018610485, 163306.930569033313077 ], [ 570395.89931503275875, 163150.946526635729242 ] ] ] } },
{ "type": "Feature", "properties": { "PROW_ID": "RS58", "TYPE": "Footpath" }, "geometry": { "type": "MultiLineString", "coordinates": [ [ [ 572204.655806667986326, 175287.515825454029255 ], [ 572000.850751272169873, 175210.749804584309459 ] ] ] } },
{ "type": "Feature", "properties": { "PROW_ID": "RS58", "TYPE": "Footpath" }, "geometry": { "type": "MultiLineString", "coordinates": [ [ [ 573162.446067003416829, 175034.945756799366791 ], [ 572375.247853036038578, 175350.083842466818169 ], [ 572248.732818648335524, 175336.30183871567715 ], [ 572204.655806667986326, 175287.515825454029255 ] ] ] } },
{ "type": "Feature", "properties": { "PROW_ID": "RS58", "TYPE": "Footpath" }, "geometry": { "type": "MultiLineString", "coordinates": [ [ [ 572204.655806667986326, 175287.515825454029255 ], [ 572162.983795340987854, 174876.991713874973357 ] ] ] } },
{ "type": "Feature", "properties": { "PROW_ID": "RS353", "TYPE": "Footpath" }, "geometry": { "type": "MultiLineString", "coordinates": [ [ [ 570593.031368614872918, 163858.74171902006492 ], [ 570599.493370371521451, 163902.140730812738184 ], [ 570491.63034105359111, 163921.221735994622577 ] ] ] } },
{ "type": "Feature", "properties": { "PROW_ID": "RS219", "TYPE": "Footpath" }, "geometry": { "type": "MultiLineString", "coordinates": [ [ [ 570404.318317321361974, 164217.351816486916505 ], [ 570588.5373673933791, 164268.352830355986953 ], [ 570900.239452116657048, 164288.378835797833744 ], [ 571026.694486488238908, 164347.452851853508037 ] ] ] } },
{ "type": "Feature", "properties": { "PROW_ID": "RS205A", "TYPE": "Footpath" }, "geometry": { "type": "MultiLineString", "coordinates": [ [ [ 572166.116796192713082, 167704.348764288355596 ], [ 572167.788796647218987, 167646.60274859511992 ], [ 572084.655774051323533, 167558.577724659116939 ], [ 572394.376858235686086, 167061.264589489845093 ] ] ] } },
{ "type": "Feature", "properties": { "PROW_ID": "RR11", "TYPE": "Footpath" }, "geometry": { "type": "MultiLineString", "coordinates": [ [ [ 572353.973847253830172, 168526.315987705485895 ], [ 572665.794932009652257, 168550.49299427337246 ], [ 572924.441002311883494, 168637.996018056757748 ] ] ] } },
{ "type": "Feature", "properties": { "PROW_ID": "RR23", "TYPE": "Footpath" }, "geometry": { "type": "MultiLineString", "coordinates": [ [ [ 572866.006986428867094, 168256.743914433114696 ], [ 572878.760989895672537, 168218.987904165172949 ], [ 572974.416015895199962, 168391.204950983519666 ], [ 573067.571041215443984, 168344.98293841938721 ] ] ] } },
{ "type": "Feature", "properties": { "PROW_ID": "RS58A", "TYPE": "Footpath" }, "geometry": { "type": "MultiLineString", "coordinates": [ [ [ 573362.972121507977135, 175667.706928796425927 ], [ 573355.460119466180913, 175503.918884270591661 ], [ 573187.329073766595684, 175008.195749536738731 ] ] ] } },
{ "type": "Feature", "properties": { "PROW_ID": "RS60", "TYPE": "Footpath" }, "geometry": { "type": "MultiLineString", "coordinates": [ [ [ 571598.518641914473847, 175526.963890539016575 ], [ 571946.69873655308038, 175559.981899508973584 ], [ 572190.607802849379368, 175312.521832254191395 ], [ 572264.41682291124016, 175458.65287197480211 ], [ 572403.534860724583268, 175479.551877654856071 ] ] ] } },
{ "type": "Feature", "properties": { "PROW_ID": "RS322", "TYPE": "Footpath" }, "geometry": { "type": "MultiLineString", "coordinates": [ [ [ 571189.935530858696438, 167139.109610645857174 ], [ 571203.234534473158419, 167119.619605354848318 ], [ 571244.489545686752535, 167153.859614658809733 ] ] ] } },
{ "type": "Feature", "properties": { "PROW_ID": "RS199", "TYPE": "Footpath" }, "geometry": { "type": "MultiLineString", "coordinates": [ [ [ 569053.381950125331059, 167069.620591760030948 ], [ 569395.379043083055876, 166896.735544768569525 ], [ 569417.347049054224044, 166845.51053084351588 ] ] ] } },
{ "type": "Feature", "properties": { "PROW_ID": "RS197", "TYPE": "Footpath" }, "geometry": { "type": "MultiLineString", "coordinates": [ [ [ 570426.504323351429775, 167245.972639697778504 ], [ 570378.172310214722529, 167306.256656076991931 ], [ 570396.143315099179745, 167414.045685378252529 ], [ 570159.09425066714175, 167584.273731644963846 ], [ 569797.903152492363006, 167926.118824564036913 ] ] ] } },
{ "type": "Feature", "properties": { "PROW_ID": "RRX16", "TYPE": "Footpath" }, "geometry": { "type": "MultiLineString", "coordinates": [ [ [ 574177.18534281780012, 167415.926685895188712 ], [ 574191.928346825065091, 167460.750698077201378 ] ] ] } },
{ "type": "Feature", "properties": { "PROW_ID": "RRX16", "TYPE": "Footpath" }, "geometry": { "type": "MultiLineString", "coordinates": [ [ [ 574173.39734178816434, 167483.022704129165504 ], [ 574161.797338635195047, 167584.872731814626604 ], [ 574204.19735016010236, 167648.437749083561357 ] ] ] } },
{ "type": "Feature", "properties": { "PROW_ID": "RRX16", "TYPE": "Footpath" }, "geometry": { "type": "MultiLineString", "coordinates": [ [ [ 574139.381332542514428, 167401.59568199061323 ], [ 574156.697337248944677, 167416.297685996454675 ] ] ] } },
{ "type": "Feature", "properties": { "PROW_ID": "RRX21", "TYPE": "Footpath" }, "geometry": { "type": "MultiLineString", "coordinates": [ [ [ 574103.297322734375484, 167107.322602014173754 ], [ 574359.927392488811165, 167012.296576179855037 ] ] ] } },
{ "type": "Feature", "properties": { "PROW_ID": "RRX21", "TYPE": "Footpath" }, "geometry": { "type": "MultiLineString", "coordinates": [ [ [ 574359.927392488811165, 167012.296576179855037 ], [ 574381.538398362929001, 167132.559608864830807 ], [ 574408.920405805343762, 167132.970608982956037 ] ] ] } },
{ "type": "Feature", "properties": { "PROW_ID": "RRX21", "TYPE": "Footpath" }, "geometry": { "type": "MultiLineString", "coordinates": [ [ [ 574354.425390993361361, 166981.226567731180694 ], [ 574359.927392488811165, 167012.296576179855037 ] ] ] } },
{ "type": "Feature", "properties": { "PROW_ID": "RR13", "TYPE": "Footpath" }, "geometry": { "type": "MultiLineString", "coordinates": [ [ [ 572890.543993098195642, 168232.878907947335392 ], [ 573028.574030615971424, 168077.158865616249386 ] ] ] } },
{ "type": "Feature", "properties": { "PROW_ID": "RR13", "TYPE": "Footpath" }, "geometry": { "type": "MultiLineString", "coordinates": [ [ [ 572756.375956630101427, 167814.950794349773787 ], [ 572190.44980280706659, 167389.000678566750139 ] ] ] } },
{ "type": "Feature", "properties": { "PROW_ID": "RRX15", "TYPE": "Footpath" }, "geometry": { "type": "MultiLineString", "coordinates": [ [ [ 573915.341271647019312, 167143.349611795216333 ], [ 573948.647280699689873, 167136.122609831101727 ] ] ] } },
{ "type": "Feature", "properties": { "PROW_ID": "RRX15", "TYPE": "Footpath" }, "geometry": { "type": "MultiLineString", "coordinates": [ [ [ 573915.341271647019312, 167143.349611795216333 ], [ 573894.664266026578844, 167113.953603809874039 ] ] ] } },
{ "type": "Feature", "properties": { "PROW_ID": "RRX15", "TYPE": "Footpath" }, "geometry": { "type": "MultiLineString", "coordinates": [ [ [ 573995.185293348855339, 167353.392668889893685 ], [ 573967.085285711335018, 167214.233631063369103 ], [ 573915.341271647019312, 167143.349611795216333 ] ] ] } },
{ "type": "Feature", "properties": { "PROW_ID": "RRX15", "TYPE": "Footpath" }, "geometry": { "type": "MultiLineString", "coordinates": [ [ [ 574188.463345883297734, 167644.747748088266235 ], [ 574097.981321289553307, 167531.476717298792209 ] ] ] } },
{ "type": "Feature", "properties": { "PROW_ID": "RR14", "TYPE": "Footpath" }, "geometry": { "type": "MultiLineString", "coordinates": [ [ [ 573297.507103714044206, 167335.519664037332404 ], [ 572947.749008647282608, 167125.073606828169432 ], [ 572744.722953462973237, 166945.838558113377076 ], [ 572636.278923986945301, 166936.596555597381666 ], [ 572518.714892032090575, 166864.887536110123619 ] ] ] } },
{ "type": "Feature", "properties": { "PROW_ID": "RR14", "TYPE": "Footpath" }, "geometry": { "type": "MultiLineString", "coordinates": [ [ [ 572485.175882915849797, 166860.433534897048958 ], [ 572156.507793580996804, 166763.746508623182308 ], [ 572032.760759945493191, 166665.973482046567369 ], [ 572039.720761837204918, 166594.039462496351916 ], [ 572205.644806936965324, 166526.956444259325508 ], [ 572178.796799639472738, 166442.73242136935005 ] ] ] } },
{ "type": "Feature", "properties": { "PROW_ID": "RS222", "TYPE": "Restricted Byway" }, "geometry": { "type": "MultiLineString", "coordinates": [ [ [ 569651.834112789714709, 164368.039857445051894 ], [ 570264.524279323755763, 163955.480745316308457 ], [ 570336.774298962322064, 163971.350749623961747 ] ] ] } },
{ "type": "Feature", "properties": { "PROW_ID": "RS211", "TYPE": "Restricted Byway" }, "geometry": { "type": "MultiLineString", "coordinates": [ [ [ 571591.393639978370629, 167222.865633407665882 ], [ 571790.210694018518552, 167156.905615480616689 ], [ 571905.81172543973662, 167159.791616271599196 ] ] ] } },
{ "type": "Feature", "properties": { "PROW_ID": "NS221", "TYPE": "Restricted Byway" }, "geometry": { "type": "MultiLineString", "coordinates": [ [ [ 567529.038535796105862, 164690.501945095136762 ], [ 567659.607571285916492, 165015.382033402274828 ], [ 567736.227592111798003, 165125.808063417673111 ] ] ] } },
{ "type": "Feature", "properties": { "PROW_ID": "RS216", "TYPE": "Footpath" }, "geometry": { "type": "MultiLineString", "coordinates": [ [ [ 569250.421003682422452, 164488.774890263623092 ], [ 569207.173991927178577, 164412.339869495190214 ], [ 569262.249006897211075, 164367.602857325982768 ], [ 569468.940063077723607, 164391.508863821509294 ] ] ] } },
{ "type": "Feature", "properties": { "PROW_ID": "RS221", "TYPE": "Byway" }, "geometry": { "type": "MultiLineString", "coordinates": [ [ [ 567606.91455696336925, 164386.220862395653967 ], [ 567541.385539152193815, 164520.062898769334424 ], [ 567529.06053580227308, 164686.457943994551897 ] ] ] } },
{ "type": "Feature", "properties": { "PROW_ID": "RRX15", "TYPE": "Footpath" }, "geometry": { "type": "MultiLineString", "coordinates": [ [ [ 573995.185293348855339, 167353.392668889893685 ], [ 574030.937303066602908, 167337.840664663235657 ] ] ] } },
{ "type": "Feature", "properties": { "PROW_ID": "RRX15", "TYPE": "Footpath" }, "geometry": { "type": "MultiLineString", "coordinates": [ [ [ 573994.052293040673248, 167353.885669032519218 ], [ 573995.185293348855339, 167353.392668889893685 ] ] ] } },
{ "type": "Feature", "properties": { "PROW_ID": "RRX15", "TYPE": "Footpath" }, "geometry": { "type": "MultiLineString", "coordinates": [ [ [ 574097.981321289553307, 167531.476717298792209 ], [ 573995.185293348855339, 167353.392668889893685 ] ] ] } },
{ "type": "Feature", "properties": { "PROW_ID": "RRX15", "TYPE": "Footpath" }, "geometry": { "type": "MultiLineString", "coordinates": [ [ [ 574097.981321289553307, 167531.476717298792209 ], [ 574099.197321619954892, 167520.072714201989584 ] ] ] } },
{ "type": "Feature", "properties": { "PROW_ID": "RS215", "TYPE": "Footpath" }, "geometry": { "type": "MultiLineString", "coordinates": [ [ [ 569261.413006670074537, 164318.018843848258257 ], [ 569187.619986612582579, 164231.47882032772759 ] ] ] } },
{ "type": "Feature", "properties": { "PROW_ID": "RC9A", "TYPE": "Bridleway" }, "geometry": { "type": "MultiLineString", "coordinates": [ [ [ 576890.336080275126733, 164547.542906239512376 ], [ 576650.665015130653046, 164531.803901957115158 ] ] ] } },
{ "type": "Feature", "properties": { "PROW_ID": "RC16", "TYPE": "Footpath" }, "geometry": { "type": "MultiLineString", "coordinates": [ [ [ 575841.407795167760924, 164241.002822914568242 ], [ 575906.416812837473117, 164255.038826737960335 ], [ 575948.016824144870043, 164230.149819966813084 ], [ 576042.237849755096249, 164108.905787009687629 ], [ 576199.39289247081615, 163989.083754448452964 ], [ 576232.459901458700188, 164015.039761502470355 ], [ 576351.19593373243697, 163964.880747868970502 ], [ 576469.954966012155637, 163855.262718068959657 ] ] ] } },
{ "type": "Feature", "properties": { "PROW_ID": "RC31", "TYPE": "Footpath" }, "geometry": { "type": "MultiLineString", "coordinates": [ [ [ 577705.420301822130568, 166656.456479455693625 ], [ 577794.308325982536189, 166611.656467281864025 ], [ 577917.237359395716339, 166447.006422526144888 ] ] ] } },
{ "type": "Feature", "properties": { "PROW_ID": "RC1", "TYPE": "Footpath" }, "geometry": { "type": "MultiLineString", "coordinates": [ [ [ 577756.657315748510882, 166501.057437225186732 ], [ 577801.051327815046534, 166606.341465841629542 ] ] ] } },
{ "type": "Feature", "properties": { "PROW_ID": "RC2", "TYPE": "Footpath" }, "geometry": { "type": "MultiLineString", "coordinates": [ [ [ 577815.401331715751439, 166296.778381694632117 ], [ 578182.937431614962406, 166230.971363808144815 ] ] ] } },
{ "type": "Feature", "properties": { "PROW_ID": "RC41", "TYPE": "Bridleway" }, "geometry": { "type": "MultiLineString", "coordinates": [ [ [ 577897.160353938234039, 165004.867030547524337 ], [ 577692.399298282573, 164655.479935580282472 ], [ 577763.704317664029077, 164426.312873284914531 ], [ 577768.008318833541125, 164081.201779486320447 ] ] ] } },
{ "type": "Feature", "properties": { "PROW_ID": "RC6A", "TYPE": "Bridleway" }, "geometry": { "type": "MultiLineString", "coordinates": [ [ [ 578134.098418340319768, 165205.272085013333708 ], [ 577982.898377242614515, 165232.572092438524123 ], [ 577902.898355497978628, 165037.022039283474442 ] ] ] } },
{ "type": "Feature", "properties": { "PROW_ID": "RC13", "TYPE": "Footpath" }, "geometry": { "type": "MultiLineString", "coordinates": [ [ [ 577768.008318833541125, 164081.201779486320447 ], [ 577998.041381358867511, 164193.532810012693517 ], [ 578003.01938271173276, 164543.397905113059096 ], [ 578179.729430743143894, 164719.396952948300168 ] ] ] } },
{ "type": "Feature", "properties": { "PROW_ID": "RC39", "TYPE": "Footpath" }, "geometry": { "type": "MultiLineString", "coordinates": [ [ [ 577753.242314820294268, 162445.272334825305734 ], [ 577983.862377504934557, 162300.674295518023428 ], [ 578060.61839836766012, 162316.561299837136175 ] ] ] } },
{ "type": "Feature", "properties": { "PROW_ID": "RC13A", "TYPE": "Bridleway" }, "geometry": { "type": "MultiLineString", "coordinates": [ [ [ 577626.932280487846583, 164029.508765438105911 ], [ 577768.008318833541125, 164081.201779486320447 ] ] ] } },
{ "type": "Feature", "properties": { "PROW_ID": "RC34", "TYPE": "Footpath" }, "geometry": { "type": "MultiLineString", "coordinates": [ [ [ 577489.972243261290714, 166230.512363685702439 ], [ 577530.89025438320823, 166293.355380763532594 ] ] ] } },
{ "type": "Feature", "properties": { "PROW_ID": "RC32", "TYPE": "Footpath" }, "geometry": { "type": "MultiLineString", "coordinates": [ [ [ 577477.036239745211788, 165749.528232949320227 ], [ 577746.3093129361514, 165741.61523079284234 ], [ 577859.821343789459206, 165835.462256305676419 ], [ 577940.623365752049722, 165817.65125146205537 ] ] ] } },
{ "type": "Feature", "properties": { "PROW_ID": "RC6", "TYPE": "Footpath" }, "geometry": { "type": "MultiLineString", "coordinates": [ [ [ 577902.898355497978628, 165037.022039283474442 ], [ 577679.496294775395654, 164649.337933908391278 ], [ 577626.96028049569577, 164621.076926228706725 ], [ 577529.442253989400342, 164456.705881550442427 ] ] ] } },
{ "type": "Feature", "properties": { "PROW_ID": "RC11", "TYPE": "Footpath" }, "geometry": { "type": "MultiLineString", "coordinates": [ [ [ 577529.442253989400342, 164456.705881550442427 ], [ 577789.331324629602022, 164052.732771745242644 ], [ 578125.685416053514928, 163845.444715398654807 ], [ 578551.639531831373461, 163651.312662634823937 ], [ 578638.038555315230042, 163639.578659447317477 ], [ 578681.416567105567083, 163598.334648240183014 ] ] ] } },
{ "type": "Feature", "properties": { "PROW_ID": "GBX2", "TYPE": "Footpath" }, "geometry": { "type": "MultiLineString", "coordinates": [ [ [ 577166.427155318902805, 168267.170917265233584 ], [ 577176.780158133013174, 168206.169900685257744 ] ] ] } },
{ "type": "Feature", "properties": { "PROW_ID": "GBX2", "TYPE": "Footpath" }, "geometry": { "type": "MultiLineString", "coordinates": [ [ [ 577173.223157166270539, 168333.647935332439374 ], [ 577165.424155046232045, 168276.147919708397239 ] ] ] } },
{ "type": "Feature", "properties": { "PROW_ID": "GBX3", "TYPE": "Footpath" }, "geometry": { "type": "MultiLineString", "coordinates": [ [ [ 577088.44313412217889, 168344.992938418639824 ], [ 577040.938121209968813, 168209.140901492733974 ] ] ] } },
{ "type": "Feature", "properties": { "PROW_ID": "GBX1", "TYPE": "Footpath" }, "geometry": { "type": "MultiLineString", "coordinates": [ [ [ 576944.983095128787681, 167915.320821627159603 ], [ 576870.83407497452572, 167865.008807956590317 ] ] ] } },
{ "type": "Feature", "properties": { "PROW_ID": "GBX1", "TYPE": "Footpath" }, "geometry": { "type": "MultiLineString", "coordinates": [ [ [ 577070.118129141395912, 168001.789845137973316 ], [ 576964.327100386610255, 167928.897825322404969 ] ] ] } },
{ "type": "Feature", "properties": { "PROW_ID": "GBX9", "TYPE": "Footpath" }, "geometry": { "type": "MultiLineString", "coordinates": [ [ [ 576866.943073916598223, 169010.982119442720432 ], [ 577011.150113113224506, 168937.932099583384115 ] ] ] } },
{ "type": "Feature", "properties": { "PROW_ID": "GBX8", "TYPE": "Footpath" }, "geometry": { "type": "MultiLineString", "coordinates": [ [ [ 576700.273028614232317, 168905.873090870911255 ], [ 576980.233104709768668, 168944.265101308643352 ] ] ] } },
{ "type": "Feature", "properties": { "PROW_ID": "RCX15", "TYPE": "Footpath" }, "geometry": { "type": "MultiLineString", "coordinates": [ [ [ 575536.500712291453965, 167551.284722677839454 ], [ 575618.85573467600625, 167498.245708267146256 ] ] ] } },
{ "type": "Feature", "properties": { "PROW_ID": "RCX17", "TYPE": "Footpath" }, "geometry": { "type": "MultiLineString", "coordinates": [ [ [ 575476.865696082124487, 167537.227718859561719 ], [ 575521.49170821160078, 167529.749716831545811 ] ] ] } },
{ "type": "Feature", "properties": { "PROW_ID": "RS83", "TYPE": "Restricted Byway" }, "geometry": { "type": "MultiLineString", "coordinates": [ [ [ 574925.352546176174656, 177306.322374181530904 ], [ 574697.249484175583348, 176503.872156073281076 ] ] ] } },
{ "type": "Feature", "properties": { "PROW_ID": "RS51", "TYPE": "Footpath" }, "geometry": { "type": "MultiLineString", "coordinates": [ [ [ 574731.230493412236683, 176162.260063210967928 ], [ 574875.880532729206607, 176047.475032015237957 ], [ 575001.577566894702613, 176045.976031610043719 ], [ 575226.288627973292023, 175884.650987757137045 ] ] ] } },
{ "type": "Feature", "properties": { "PROW_ID": "RS126", "TYPE": "Footpath" }, "geometry": { "type": "MultiLineString", "coordinates": [ [ [ 575882.517806341755204, 170935.275642482039984 ], [ 575820.982789615867659, 170833.862614918500185 ] ] ] } },
{ "type": "Feature", "properties": { "PROW_ID": "RS125", "TYPE": "Footpath" }, "geometry": { "type": "MultiLineString", "coordinates": [ [ [ 575256.582636207574978, 170687.854575225093868 ], [ 575063.678583774715662, 170816.397610160987824 ], [ 575032.670575346099213, 170812.513609116023872 ], [ 575038.811577015323564, 170798.95060542615829 ], [ 575053.573581027798355, 170801.871606214554049 ], [ 575056.251581755816005, 170808.41460799187189 ], [ 575056.258581757545471, 170812.213609032332897 ], [ 575055.52858155942522, 170814.553609659720678 ], [ 575054.205581199610606, 170816.55561020685127 ], [ 574988.52356334682554, 170867.07962393987691 ], [ 574986.076562681584619, 170867.395624025957659 ], [ 574979.20856081484817, 170866.132623680110555 ], [ 574973.287559205433354, 170860.606622182298452 ], [ 574976.52456008491572, 170846.711618409608491 ], [ 574990.339563840418123, 170845.133617973304354 ], [ 574987.101562960306183, 170866.975623909209389 ], [ 574985.286562466993928, 170876.00062636018265 ], [ 574825.873519137036055, 170989.628657253342681 ] ] ] } },
{ "type": "Feature", "properties": { "PROW_ID": "RS326", "TYPE": "Footpath" }, "geometry": { "type": "MultiLineString", "coordinates": [ [ [ 574505.051431934698485, 170381.923492076108232 ], [ 574761.398501612478867, 170283.407465290045366 ] ] ] } },
{ "type": "Feature", "properties": { "PROW_ID": "RS75A", "TYPE": "Bridleway" }, "geometry": { "type": "MultiLineString", "coordinates": [ [ [ 574881.573534276452847, 173180.809252837381791 ], [ 574772.097504520090297, 173453.138326857006177 ] ] ] } },
{ "type": "Feature", "properties": { "PROW_ID": "RS53", "TYPE": "Footpath" }, "geometry": { "type": "MultiLineString", "coordinates": [ [ [ 574586.144453976303339, 175442.60386761080008 ], [ 574738.877495490363799, 175371.340848237741739 ], [ 575037.027576530352235, 175038.567757789627649 ], [ 575242.801632461487316, 174925.165726965060458 ], [ 575578.369723671814427, 174957.126735649246257 ] ] ] } },
{ "type": "Feature", "properties": { "PROW_ID": "RS78", "TYPE": "Footpath" }, "geometry": { "type": "MultiLineString", "coordinates": [ [ [ 574269.437367892940529, 175652.891924761293922 ], [ 574568.259449115139432, 175525.556890159728937 ] ] ] } },
{ "type": "Feature", "properties": { "PROW_ID": "RS69", "TYPE": "Footpath" }, "geometry": { "type": "MultiLineString", "coordinates": [ [ [ 574726.444492111098953, 174835.939702716248576 ], [ 574774.429505153675564, 174471.74260372412391 ] ] ] } },
{ "type": "Feature", "properties": { "PROW_ID": "RS68", "TYPE": "Footpath" }, "geometry": { "type": "MultiLineString", "coordinates": [ [ [ 574377.27439720381517, 174499.552611276565585 ], [ 574575.661451127030887, 174509.262613915023394 ] ] ] } },
{ "type": "Feature", "properties": { "PROW_ID": "RS74", "TYPE": "Footpath" }, "geometry": { "type": "MultiLineString", "coordinates": [ [ [ 574604.933459083549678, 174346.734569743101019 ], [ 574615.513461959315464, 174265.303547603369225 ], [ 574465.091421073069796, 174005.513476998195983 ], [ 574473.806423441856168, 173835.003430652141105 ] ] ] } },
{ "type": "Feature", "properties": { "PROW_ID": "RS129", "TYPE": "Footpath" }, "geometry": { "type": "MultiLineString", "coordinates": [ [ [ 574296.722375309444033, 170939.106643517327029 ], [ 574264.682366600492969, 171114.880691300262697 ], [ 574555.911445759003982, 171351.217755537014455 ] ] ] } },
{ "type": "Feature", "properties": { "PROW_ID": "RS126A", "TYPE": "Restricted Byway" }, "geometry": { "type": "MultiLineString", "coordinates": [ [ [ 575820.982789615867659, 170833.862614918500185 ], [ 575704.385757924057543, 170603.687552347953897 ] ] ] } },
{ "type": "Feature", "properties": { "PROW_ID": "RS66", "TYPE": "Footpath" }, "geometry": { "type": "MultiLineString", "coordinates": [ [ [ 575055.690581602975726, 175770.551956750219688 ], [ 575042.185577932279557, 175569.205902019166388 ], [ 574733.53949403972365, 175094.782773063052446 ], [ 574538.146440930082463, 175070.984766600013245 ] ] ] } },
{ "type": "Feature", "properties": { "PROW_ID": "RS136", "TYPE": "Footpath" }, "geometry": { "type": "MultiLineString", "coordinates": [ [ [ 575758.154772538691759, 171458.368784664315172 ], [ 575693.005754830897786, 171435.972778571071103 ], [ 575718.04476163664367, 171376.920762523019221 ], [ 575580.995724385604262, 171273.942734527925495 ] ] ] } },
{ "type": "Feature", "properties": { "PROW_ID": "RS116", "TYPE": "Footpath" }, "geometry": { "type": "MultiLineString", "coordinates": [ [ [ 575868.59280255693011, 171782.395872734603472 ], [ 575820.293789428658783, 171514.676799968467094 ], [ 575759.305772851686925, 171452.773783141805325 ], [ 575909.148813580628484, 171375.571762150793802 ], [ 576110.934868427459151, 171419.805774178123102 ] ] ] } },
{ "type": "Feature", "properties": { "PROW_ID": "RS128", "TYPE": "Footpath" }, "geometry": { "type": "MultiLineString", "coordinates": [ [ [ 575339.739658810081892, 171472.705788560735527 ], [ 575556.388717697234824, 171364.062759022694081 ], [ 575613.921733335009776, 171146.9927000272437 ], [ 575771.760776237118989, 170957.183648432954215 ] ] ] } },
{ "type": "Feature", "properties": { "PROW_ID": "RS119", "TYPE": "Footpath" }, "geometry": { "type": "MultiLineString", "coordinates": [ [ [ 574714.584488887572661, 171691.426848010509275 ], [ 575198.766620492562652, 171422.781774985196535 ] ] ] } },
{ "type": "Feature", "properties": { "PROW_ID": "RS56", "TYPE": "Bridleway" }, "geometry": { "type": "MultiLineString", "coordinates": [ [ [ 574591.913455544505268, 174438.7235947457375 ], [ 574989.446563597302884, 174507.754613511206117 ], [ 575026.746573736192659, 174464.582601770001929 ], [ 575095.213592345709912, 174488.413608251139522 ] ] ] } },
{ "type": "Feature", "properties": { "PROW_ID": "RS213", "TYPE": "Footpath" }, "geometry": { "type": "MultiLineString", "coordinates": [ [ [ 569071.382955018314533, 164417.165870798868127 ], [ 568968.938927173265256, 164269.79783074388979 ], [ 568719.089859262108803, 164034.943766904994845 ], [ 568376.491766140796244, 164208.854814185237046 ], [ 568338.585755837731995, 164257.328827360470314 ], [ 568224.600724855670705, 164245.855824235419277 ], [ 568162.591708001098596, 164334.918848449306097 ] ] ] } },
{ "type": "Feature", "properties": { "PROW_ID": "RS212", "TYPE": "Footpath" }, "geometry": { "type": "MultiLineString", "coordinates": [ [ [ 568396.418771557277068, 164203.41581270378083 ], [ 568479.816794225480407, 164368.210857497062534 ], [ 568214.632722146110609, 164550.58090706972871 ], [ 568132.029699694016017, 164674.120940649707336 ], [ 568014.429667729418725, 164734.162956965039484 ], [ 567955.512651715427637, 164863.875992216751911 ], [ 567793.568607697612606, 164958.859018037968781 ], [ 567741.817593631334603, 165099.238056195026729 ] ] ] } },
{ "type": "Feature", "properties": { "PROW_ID": "RR1", "TYPE": "Footpath" }, "geometry": { "type": "MultiLineString", "coordinates": [ [ [ 573104.654051295132376, 170474.918517344922293 ], [ 572956.188010940677486, 170640.99856249243021 ] ] ] } },
{ "type": "Feature", "properties": { "PROW_ID": "RS57", "TYPE": "Footpath" }, "geometry": { "type": "MultiLineString", "coordinates": [ [ [ 573648.889199222438037, 177385.735395771742333 ], [ 573713.241216713911854, 177338.193382849625777 ], [ 573684.304208848974667, 177255.577360383816995 ], [ 573759.286229229532182, 177182.530340531375259 ], [ 573807.773242408642545, 177031.134299383906182 ], [ 573831.350248816772364, 176919.974269174039364 ], [ 573798.84723998256959, 176837.017246621835511 ] ] ] } },
{ "type": "Feature", "properties": { "PROW_ID": "RS357", "TYPE": "Footpath" }, "geometry": { "type": "MultiLineString", "coordinates": [ [ [ 571479.978609694633633, 176968.688282407587394 ], [ 571375.032581169391051, 177092.668316107126884 ], [ 570933.347461115568876, 177049.008304244198371 ], [ 570867.193443134310655, 177096.704317210416775 ], [ 570894.772450630669482, 177300.616372633783612 ], [ 571073.931499327532947, 177656.3254693186027 ], [ 571065.014496903866529, 177772.314500843232963 ], [ 571235.666543288622051, 178239.150627729715779 ], [ 571433.774597135954536, 178489.187695694563445 ], [ 571530.990623559802771, 178849.589793658698909 ], [ 572366.660850702086464, 179358.570931999071036 ], [ 572917.177000336931087, 179356.024931310210377 ], [ 573145.512062400463037, 179299.800916026113555 ], [ 574367.64539458672516, 179187.66088554111775 ], [ 574608.220459976932034, 179235.445898530597333 ], [ 574779.446506517473608, 179137.499871912004892 ], [ 575179.318615205935203, 179151.98387585155433 ], [ 575436.50268511113245, 179110.029864440381061 ], [ 575884.296806825092062, 179252.631903205066919 ], [ 575785.631780007272027, 178849.574793648440391 ], [ 575842.798795545706525, 178778.41177430638345 ], [ 576010.874841230222955, 178672.233745446137618 ], [ 576377.801940964185633, 178785.689776280953083 ], [ 576570.585993364453316, 179029.272842487553135 ], [ 577038.833120637922548, 178886.912803798040841 ], [ 577323.141197915188968, 179331.319924595125485 ], [ 577378.757213032105938, 179290.368913468031678 ], [ 577389.59321597754024, 179229.006896785402205 ], [ 577319.672196972533129, 178979.211828884435818 ], [ 577402.89021959155798, 178866.797798335086554 ], [ 577545.500258354353718, 178763.127770153747406 ], [ 577655.953288376331329, 178730.02476115594618 ], [ 577926.2823618541006, 178750.256766654376406 ], [ 578031.544390465132892, 178631.53573438845342 ], [ 578144.619421200128272, 178676.078746491752099 ] ] ] } },
{ "type": "Feature", "properties": { "PROW_ID": "RS82", "TYPE": "Byway" }, "geometry": { "type": "MultiLineString", "coordinates": [ [ [ 571408.148590170429088, 177646.236466572387144 ], [ 572418.93086490931455, 177826.381515543325804 ], [ 572498.308886485174298, 177787.996505105751567 ], [ 572606.633915928890929, 177570.767446065961849 ], [ 572774.997961691464297, 177502.482427504786756 ], [ 572841.802979850093834, 177441.26341085426975 ], [ 573010.597025729715824, 176690.760206861479674 ] ] ] } },
{ "type": "Feature", "properties": { "PROW_ID": "RR19", "TYPE": "Footpath" }, "geometry": { "type": "MultiLineString", "coordinates": [ [ [ 573645.347198260016739, 170234.753452071920037 ], [ 573453.703146169544198, 170355.997485027706716 ] ] ] } },
{ "type": "Feature", "properties": { "PROW_ID": "RS87", "TYPE": "Restricted Byway" }, "geometry": { "type": "MultiLineString", "coordinates": [ [ [ 573121.193055790499784, 176259.564089659485035 ], [ 573567.679177148849703, 176254.36808825598564 ] ] ] } },
{ "type": "Feature", "properties": { "PROW_ID": "RS81", "TYPE": "Restricted Byway" }, "geometry": { "type": "MultiLineString", "coordinates": [ [ [ 573418.372136566205882, 177288.037369209516328 ], [ 573440.831142670591362, 176946.789276459545363 ], [ 573505.838160340324976, 176796.662235648313072 ] ] ] } },
{ "type": "Feature", "properties": { "PROW_ID": "RS244", "TYPE": "Footpath" }, "geometry": { "type": "MultiLineString", "coordinates": [ [ [ 574545.235442857025191, 174867.624711324169766 ], [ 574201.24134935636539, 174833.599702080362476 ] ] ] } },
{ "type": "Feature", "properties": { "PROW_ID": "RS366", "TYPE": "Footpath" }, "geometry": { "type": "MultiLineString", "coordinates": [ [ [ 570246.426274404511787, 168384.629949196474627 ], [ 570229.916269917157479, 168150.313885506882798 ], [ 570168.28525316528976, 167992.126842508092523 ] ] ] } },
{ "type": "Feature", "properties": { "PROW_ID": "RS365", "TYPE": "Footpath" }, "geometry": { "type": "MultiLineString", "coordinates": [ [ [ 570362.632305990438908, 168383.994949020969216 ], [ 570516.302347759599797, 168128.088879458606243 ] ] ] } },
{ "type": "Feature", "properties": { "PROW_ID": "RS367", "TYPE": "Footpath" }, "geometry": { "type": "MultiLineString", "coordinates": [ [ [ 570894.128450455609709, 168681.175029796722811 ], [ 570900.478452181443572, 168432.254962139530107 ], [ 570971.598471512901597, 168296.364925194415264 ] ] ] } },
{ "type": "Feature", "properties": { "PROW_ID": "RS368", "TYPE": "Footpath" }, "geometry": { "type": "MultiLineString", "coordinates": [ [ [ 569797.48115237778984, 168146.503884465841111 ], [ 569915.844184549874626, 168056.109859895368572 ], [ 570039.156218067044392, 168061.925861481169704 ], [ 570253.20727624790743, 167944.430829540477134 ], [ 570445.182328428374603, 167948.383830618637148 ], [ 570477.5673372305464, 167970.608836663363036 ], [ 570516.302347759599797, 168128.088879458606243 ], [ 570601.392370887682773, 168103.958872902847361 ], [ 570696.64239677740261, 168129.993879978777841 ], [ 570728.225405361736193, 168186.740895408263896 ], [ 570823.235431186272763, 168174.813892165373545 ], [ 570882.873447396559641, 168294.089924582105596 ], [ 570935.403461674461141, 168280.489920884312596 ], [ 571015.413483421783894, 168331.924934869864956 ], [ 571175.433526916778646, 168286.204922437784262 ], [ 571227.50354107003659, 168421.459959196741693 ] ] ] } },
{ "type": "Feature", "properties": { "PROW_ID": "RRX53", "TYPE": "Footpath" }, "geometry": { "type": "MultiLineString", "coordinates": [ [ [ 573654.596200774307363, 169847.431346788827796 ], [ 573694.053211498889141, 169868.676352566981222 ] ] ] } },
{ "type": "Feature", "properties": { "PROW_ID": "RRX6a", "TYPE": "Footpath" }, "geometry": { "type": "MultiLineString", "coordinates": [ [ [ 574188.979346023639664, 168286.990922655444592 ], [ 574345.253388500539586, 168227.681906526908278 ] ] ] } },
{ "type": "Feature", "properties": { "PROW_ID": "RRX6b", "TYPE": "Footpath" }, "geometry": { "type": "MultiLineString", "coordinates": [ [ [ 574188.979346023639664, 168286.990922655444592 ], [ 574318.894381335820071, 168177.315892836195417 ] ] ] } },
{ "type": "Feature", "properties": { "PROW_ID": "RRX13", "TYPE": "Footpath" }, "geometry": { "type": "MultiLineString", "coordinates": [ [ [ 574151.847335930913687, 168030.4728529251297 ], [ 574197.432348321424797, 168084.916867723106407 ] ] ] } },
{ "type": "Feature", "properties": { "PROW_ID": "RRX12", "TYPE": "Footpath" }, "geometry": { "type": "MultiLineString", "coordinates": [ [ [ 573974.080287612741813, 168000.568844796798658 ], [ 574024.764301388757303, 168281.04092103196308 ] ] ] } },
{ "type": "Feature", "properties": { "PROW_ID": "RRX11", "TYPE": "Footpath" }, "geometry": { "type": "MultiLineString", "coordinates": [ [ [ 573942.485279024811462, 168249.750912526331376 ], [ 573977.003288406995125, 168031.224853128951509 ] ] ] } },
{ "type": "Feature", "properties": { "PROW_ID": "NS245", "TYPE": "Restricted Byway" }, "geometry": { "type": "MultiLineString", "coordinates": [ [ [ 567300.726473738788627, 164272.711831538472325 ], [ 567441.399511975236237, 164674.274940681701992 ], [ 567496.746527018840425, 164658.73493646341376 ], [ 567528.652535691158846, 164687.282944221398793 ] ] ] } },
{ "type": "Feature", "properties": { "PROW_ID": "RS79", "TYPE": "Byway" }, "geometry": { "type": "MultiLineString", "coordinates": [ [ [ 572568.758905634400435, 176428.515135581372306 ], [ 572455.895874956739135, 176556.00117024424253 ], [ 572202.59280610724818, 176683.034204762254376 ], [ 572073.704771074466407, 176738.945219961402472 ], [ 571805.651698215398937, 176788.655233468918595 ], [ 571479.210609485860914, 176969.970282755617518 ] ] ] } },
{ "type": "Feature", "properties": { "PROW_ID": "RS77", "TYPE": "Footpath" }, "geometry": { "type": "MultiLineString", "coordinates": [ [ [ 572732.57695016101934, 176569.580173935100902 ], [ 572906.325997387990355, 176606.181183872686233 ], [ 573079.68804450891912, 176591.994180020643398 ] ] ] } },
{ "type": "Feature", "properties": { "PROW_ID": "RS59", "TYPE": "Footpath" }, "geometry": { "type": "MultiLineString", "coordinates": [ [ [ 571620.583647912368178, 176645.118194458482321 ], [ 571505.484616627334617, 176558.991171050292905 ], [ 571548.920628433581442, 176276.976094391895458 ], [ 571613.225645912112668, 176117.448051039420534 ] ] ] } },
{ "type": "Feature", "properties": { "PROW_ID": "RS332", "TYPE": "Footpath" }, "geometry": { "type": "MultiLineString", "coordinates": [ [ [ 572155.577793327975087, 175746.411950187408365 ], [ 572121.475784058799036, 175818.876969882461708 ], [ 571949.562737331376411, 175949.229005317902192 ], [ 571954.49473867204506, 176271.831093000946566 ], [ 571809.569699280080386, 176365.535118472471368 ], [ 571650.197655961615965, 176586.619178556487896 ], [ 571479.476609558099881, 176970.541282913822215 ] ] ] } },
{ "type": "Feature", "properties": { "PROW_ID": "RS337", "TYPE": "Footpath" }, "geometry": { "type": "MultiLineString", "coordinates": [ [ [ 572444.118871755781583, 175605.447911875206046 ], [ 572375.120853001717478, 175350.146842477086466 ] ] ] } },
{ "type": "Feature", "properties": { "PROW_ID": "RS70", "TYPE": "Footpath" }, "geometry": { "type": "MultiLineString", "coordinates": [ [ [ 573672.633205676451325, 174318.359562027035281 ], [ 573898.278267008718103, 174339.750567844137549 ], [ 573892.629265473340638, 174375.576577579544391 ], [ 574167.125340083613992, 174423.469590594468173 ] ] ] } },
{ "type": "Feature", "properties": { "PROW_ID": "RS71", "TYPE": "Footpath" }, "geometry": { "type": "MultiLineString", "coordinates": [ [ [ 573191.822074987925589, 174717.380670488171745 ], [ 572938.312006081920117, 174538.13862176251132 ] ] ] } },
{ "type": "Feature", "properties": { "PROW_ID": "RS134", "TYPE": "Footpath" }, "geometry": { "type": "MultiLineString", "coordinates": [ [ [ 573242.230088689364493, 171343.562753455946222 ], [ 573192.089075060444884, 171421.222774565219879 ] ] ] } },
{ "type": "Feature", "properties": { "PROW_ID": "RS86", "TYPE": "Bridleway" }, "geometry": { "type": "MultiLineString", "coordinates": [ [ [ 573998.001294114277698, 172923.546182906255126 ], [ 574150.074335449025966, 172906.083178158442024 ], [ 574435.77541310491506, 172988.713200622471049 ], [ 574754.764499808778055, 173175.286251333018299 ], [ 575068.515585089102387, 173191.121255639591254 ], [ 575182.233615998411551, 173162.343247818993405 ], [ 575652.858743918593973, 173314.052289049956016 ] ] ] } },
{ "type": "Feature", "properties": { "PROW_ID": "RS331", "TYPE": "Footpath" }, "geometry": { "type": "MultiLineString", "coordinates": [ [ [ 570960.169468406238593, 175827.412972196179908 ], [ 570833.570433995453641, 176025.902026154682972 ], [ 570926.264459190424532, 176208.441075772396289 ], [ 570826.050431951531209, 176404.490129054116551 ], [ 570728.304405383300036, 176465.531145645305514 ], [ 570609.559373107273132, 176703.267210271209478 ], [ 570851.077438754029572, 176966.691281864361372 ], [ 571007.193481187685393, 176864.905254197656177 ] ], [ [ 571007.193481187685393, 176864.905254197656177 ], [ 571107.957508576102555, 176820.964242258109152 ] ], [ [ 571007.193481187685393, 176864.905254197656177 ], [ 571151.608520440757275, 176871.128255897609051 ], [ 571396.649587044958025, 176827.648244077572599 ], [ 571462.782605020678602, 176771.343228768208064 ], [ 571536.729625119711272, 176829.246244513837155 ] ] ] } },
{ "type": "Feature", "properties": { "PROW_ID": "RS80", "TYPE": "Byway" }, "geometry": { "type": "MultiLineString", "coordinates": [ [ [ 573884.031263136304915, 176835.912246322550345 ], [ 573069.405041714198887, 176709.96121208142722 ], [ 572651.210928045446053, 176529.26016296679154 ], [ 572418.589864816749468, 176276.819094356556889 ], [ 572309.03783503966406, 175954.315006696095224 ], [ 572158.615794154000469, 175744.503949663892854 ] ] ] } },
{ "type": "Feature", "properties": { "PROW_ID": "RS64", "TYPE": "Footpath" }, "geometry": { "type": "MultiLineString", "coordinates": [ [ [ 573764.467230637790635, 176364.951118310214952 ], [ 573747.722226086305454, 175951.949006050766911 ], [ 574124.104328390210867, 175920.850997594243381 ], [ 574283.841371807735413, 175694.28893602383323 ] ] ] } },
{ "type": "Feature", "properties": { "PROW_ID": "RS67", "TYPE": "Footpath" }, "geometry": { "type": "MultiLineString", "coordinates": [ [ [ 573577.893179925275035, 174726.131672864896245 ], [ 574135.79733156831935, 174521.566617263713852 ], [ 574230.784357386641204, 174529.28961935749976 ] ] ] } },
{ "type": "Feature", "properties": { "PROW_ID": "RS84A", "TYPE": "Byway" }, "geometry": { "type": "MultiLineString", "coordinates": [ [ [ 573922.158273499226198, 175636.738920380768832 ], [ 574019.678300006082281, 175393.507854266848881 ], [ 574097.815321244765073, 175045.867759767570533 ], [ 574209.234351529041305, 174892.472718080563936 ], [ 574204.519350247690454, 174716.272670181991998 ], [ 574242.184360485174693, 174674.382658800168429 ], [ 574230.108357202727348, 174491.466609082359355 ] ] ] } },
{ "type": "Feature", "properties": { "PROW_ID": "RS84", "TYPE": "Byway" }, "geometry": { "type": "MultiLineString", "coordinates": [ [ [ 573935.400277098757215, 176297.092099862580653 ], [ 573885.297263480257243, 176046.599031778634526 ], [ 573922.194273509201594, 175636.741920377709903 ] ] ] } },
{ "type": "Feature", "properties": { "PROW_ID": "RS336", "TYPE": "Footpath" }, "geometry": { "type": "MultiLineString", "coordinates": [ [ [ 571877.81971783132758, 175498.248882727290038 ], [ 571946.701736553804949, 175559.978899513429496 ] ] ] } },
{ "type": "Feature", "properties": { "PROW_ID": "RS118", "TYPE": "Footpath" }, "geometry": { "type": "MultiLineString", "coordinates": [ [ [ 574881.374534222646616, 173181.128252916212659 ], [ 574973.771559337037615, 172978.650197884999216 ], [ 574927.45554674800951, 172777.879143308382481 ], [ 574760.400501340976916, 172549.587081257486716 ], [ 574666.893475924734958, 172507.020069695427082 ], [ 574472.209423008025624, 172338.77902396483114 ], [ 574480.771425335202366, 171948.646917922131252 ], [ 574401.157403695513494, 171818.006882413406856 ], [ 574242.474360564141534, 171303.819742656778544 ], [ 574054.94630959269125, 171082.870682591979858 ], [ 573669.461204814258963, 170968.175651426543482 ] ] ] } },
{ "type": "Feature", "properties": { "PROW_ID": "RS85", "TYPE": "Footpath" }, "geometry": { "type": "MultiLineString", "coordinates": [ [ [ 574069.16331345657818, 176473.672147861681879 ], [ 574415.664407638483681, 176150.821060106798541 ], [ 574584.67945357831195, 176147.179059115122072 ], [ 574721.019490636652336, 176330.571108966192696 ] ] ] } },
{ "type": "Feature", "properties": { "PROW_ID": "RS15", "TYPE": "Footpath" }, "geometry": { "type": "MultiLineString", "coordinates": [ [ [ 582411.147580877994187, 176283.16809607995674 ], [ 582352.261564872576855, 176252.096087630023248 ], [ 582222.242529531940818, 176085.516042356670368 ], [ 582211.954526735586114, 175377.650849955447484 ] ] ] } },
{ "type": "Feature", "properties": { "PROW_ID": "RS15", "TYPE": "Footpath" }, "geometry": { "type": "MultiLineString", "coordinates": [ [ [ 581700.782387794926763, 177039.70530170929851 ], [ 581837.530424964264967, 176558.299170861195307 ] ] ] } },
{ "type": "Feature", "properties": { "PROW_ID": "RS15", "TYPE": "Footpath" }, "geometry": { "type": "MultiLineString", "coordinates": [ [ [ 581844.219426782336086, 176542.311166514700744 ], [ 582119.359501567902043, 176337.484110838384368 ], [ 582353.251565141486935, 176252.574087765242439 ] ] ] } },
{ "type": "Feature", "properties": { "PROW_ID": "RS320", "TYPE": "Footpath" }, "geometry": { "type": "MultiLineString", "coordinates": [ [ [ 570795.276423586998135, 164281.629833958984818 ], [ 570836.873434893554077, 164414.299870019196533 ], [ 570777.115418650675565, 164423.782872596930247 ], [ 570678.546391858719289, 164556.079908559564501 ], [ 570631.866379170678556, 164574.86191366618732 ], [ 570650.86538433493115, 164721.095953408395872 ] ] ] } },
{ "type": "Feature", "properties": { "PROW_ID": "RS214", "TYPE": "Footpath" }, "geometry": { "type": "MultiLineString", "coordinates": [ [ [ 568499.220799499657005, 164490.875890838215128 ], [ 568959.881924711167812, 164465.107883836375549 ], [ 568933.928917657001875, 164513.465896976878867 ], [ 568987.661932262126356, 164759.074963738734368 ], [ 568956.892923898762092, 164816.10897924011806 ], [ 568818.133886183146387, 164910.70100494811777 ], [ 568738.811864622635767, 165033.936038441141136 ], [ 568725.462860994273797, 165294.804109352524392 ], [ 568342.578756923088804, 165579.639186775544658 ], [ 568288.896742332028225, 165679.557213927153498 ], [ 568144.954703207244165, 165748.522232673305552 ] ] ] } },
{ "type": "Feature", "properties": { "PROW_ID": "RS76", "TYPE": "Bridleway" }, "geometry": { "type": "MultiLineString", "coordinates": [ [ [ 575462.934692295501009, 173776.223414672771469 ], [ 574726.145492029958405, 173428.811320243345108 ], [ 574579.171452081063762, 173297.572284571360797 ], [ 574293.353374393307604, 173145.096243130567018 ], [ 574215.864353331155144, 173127.027238215086982 ], [ 574189.990346298320219, 173187.41825463186251 ], [ 574016.886299247271381, 173157.97224663104862 ], [ 573998.001294114277698, 172923.546182906255126 ], [ 573948.772280733450316, 172841.117160499095917 ], [ 573888.225264276028611, 172557.309083365486003 ] ] ] } },
{ "type": "Feature", "properties": { "PROW_ID": "RS206", "TYPE": "Footpath" }, "geometry": { "type": "MultiLineString", "coordinates": [ [ [ 572162.321795161115006, 167369.596673301421106 ], [ 571833.982705915812403, 167114.64260400342755 ], [ 571822.261702729971148, 167051.34658679709537 ], [ 571451.820602041319944, 166731.247499784105457 ], [ 571416.55059245461598, 166732.607500155514572 ] ] ] } },
{ "type": "Feature", "properties": { "PROW_ID": "RS324", "TYPE": "Footpath" }, "geometry": { "type": "MultiLineString", "coordinates": [ [ [ 570340.405299949343316, 167080.250594643934164 ], [ 570409.637318767025135, 167227.196634590043686 ], [ 570581.317365430877544, 167166.228618022578303 ] ] ] } },
{ "type": "Feature", "properties": { "PROW_ID": "RS203", "TYPE": "Footpath" }, "geometry": { "type": "MultiLineString", "coordinates": [ [ [ 571774.293689691927284, 168079.69786631205352 ], [ 571853.298711166251451, 167970.544836639019195 ], [ 571822.669702841085382, 167942.978829146013595 ], [ 571680.748664265847765, 167917.746822283661459 ], [ 571570.965634425636381, 167954.218832204467617 ], [ 571461.574604692286812, 167866.188808275212068 ], [ 571317.51456553558819, 167676.552756732096896 ], [ 571012.827482718974352, 167500.802708962990437 ], [ 570680.457392378011718, 167545.044720986217726 ], [ 570596.357369519071653, 167500.184708787652198 ], [ 570414.760320159373805, 167230.041635366971605 ], [ 570045.813219876494259, 167205.320628643152304 ] ] ] } },
{ "type": "Feature", "properties": { "PROW_ID": "RR18", "TYPE": "Bridleway" }, "geometry": { "type": "MultiLineString", "coordinates": [ [ [ 573811.253243354614824, 164706.195949365268461 ], [ 573788.584237192990258, 164790.067972161108628 ], [ 573865.302258045645431, 164940.955013173457701 ], [ 573961.645284232334234, 164705.704949231643695 ], [ 574019.863300056778826, 164755.313962708285544 ] ] ] } },
{ "type": "Feature", "properties": { "PROW_ID": "RS210", "TYPE": "Footpath" }, "geometry": { "type": "MultiLineString", "coordinates": [ [ [ 570661.096387115539983, 166166.218346212001052 ], [ 570339.327299655997194, 166325.146389410481788 ], [ 570132.302243385231122, 166313.136386138852686 ] ] ] } },
{ "type": "Feature", "properties": { "PROW_ID": "RS220", "TYPE": "Footpath" }, "geometry": { "type": "MultiLineString", "coordinates": [ [ [ 570222.075267786160111, 165711.763222679204773 ], [ 570432.897325089317746, 165599.434192154847551 ] ] ] } },
{ "type": "Feature", "properties": { "PROW_ID": "RS200", "TYPE": "Footpath" }, "geometry": { "type": "MultiLineString", "coordinates": [ [ [ 569999.478207282489166, 167212.707630650897045 ], [ 569659.334114828263409, 167023.242579151294194 ], [ 569728.234133555903099, 167199.525627071445342 ] ] ] } },
{ "type": "Feature", "properties": { "PROW_ID": "RS208", "TYPE": "Footpath" }, "geometry": { "type": "MultiLineString", "coordinates": [ [ [ 570088.510231481981464, 166374.864402918785345 ], [ 570277.822282938403077, 166407.986411923717242 ], [ 570312.068292246782221, 166482.611432207515463 ], [ 570432.113324876176193, 166476.700430600263644 ] ] ] } },
{ "type": "Feature", "properties": { "PROW_ID": "RS354", "TYPE": "Footpath" }, "geometry": { "type": "MultiLineString", "coordinates": [ [ [ 571321.719566678395495, 167678.476757257245481 ], [ 571524.71962185553275, 167554.250723487813957 ], [ 571651.734656379441731, 167347.284667231084313 ], [ 571737.664679736131802, 167404.285682722867932 ] ] ] } },
{ "type": "Feature", "properties": { "PROW_ID": "RR16", "TYPE": "Bridleway" }, "geometry": { "type": "MultiLineString", "coordinates": [ [ [ 572661.435930824838579, 165117.477061146346387 ], [ 572737.9339516175678, 165429.416145937982947 ], [ 572836.370978373568505, 165623.223198614956345 ], [ 573107.946052190032788, 165832.350255455356091 ], [ 573279.566098837880418, 165914.102277677273378 ], [ 573375.027124784654006, 165695.583218291401863 ], [ 573401.309131928370334, 165458.376153809134848 ], [ 573461.523148295003921, 165271.599103048967663 ], [ 573673.386205881368369, 164977.047022980928887 ], [ 573803.927241363446228, 164703.848948722064961 ] ] ] } },
{ "type": "Feature", "properties": { "PROW_ID": "RR27A", "TYPE": "Footpath" }, "geometry": { "type": "MultiLineString", "coordinates": [ [ [ 572394.364858232671395, 167061.294589493307285 ], [ 572638.978924720780924, 166686.558487636153586 ], [ 572778.528962651500478, 166582.858459457696881 ] ] ] } },
{ "type": "Feature", "properties": { "PROW_ID": "RS323", "TYPE": "Footpath" }, "geometry": { "type": "MultiLineString", "coordinates": [ [ [ 570872.977444706833921, 166599.548463986895513 ], [ 570862.902441968210042, 166573.827457002189476 ], [ 570927.471459518535994, 166506.840438794286456 ] ] ] } },
{ "type": "Feature", "properties": { "PROW_ID": "RR24", "TYPE": "Footpath" }, "geometry": { "type": "MultiLineString", "coordinates": [ [ [ 572763.820958653814159, 167841.585801588138565 ], [ 573037.973033170681447, 168088.625868736125994 ] ] ] } },
{ "type": "Feature", "properties": { "PROW_ID": "NS183", "TYPE": "Footpath" }, "geometry": { "type": "MultiLineString", "coordinates": [ [ [ 571009.130481714382768, 168970.682108482869808 ], [ 570964.923469698172994, 168911.982092536694836 ], [ 570995.129477908485569, 168768.831053626374342 ], [ 570942.499463603366166, 168693.996033280622214 ], [ 570652.690384830581024, 168658.500023633125238 ] ] ] } },
{ "type": "Feature", "properties": { "PROW_ID": "MR46", "TYPE": "Footpath" }, "geometry": { "type": "MultiLineString", "coordinates": [ [ [ 567857.17762498697266, 163911.387733329029288 ], [ 567828.5536172069842, 163834.227712350606453 ], [ 567882.198631788021885, 163750.690689647919498 ] ] ] } },
{ "type": "Feature", "properties": { "PROW_ID": "MR45A", "TYPE": "Restricted Byway" }, "geometry": { "type": "MultiLineString", "coordinates": [ [ [ 566972.703384579508565, 163413.599598025728483 ], [ 567196.707445465726778, 163728.554683630703948 ], [ 567286.105469764675945, 163945.842742697393987 ], [ 567264.894463999429718, 164154.645799447374884 ], [ 567300.997473812662065, 164272.794831555802375 ] ] ] } },
{ "type": "Feature", "properties": { "PROW_ID": "RR3", "TYPE": "Footpath" }, "geometry": { "type": "MultiLineString", "coordinates": [ [ [ 573601.724186403211206, 170050.333401937212329 ], [ 573655.460201008943841, 170074.569408527051564 ] ] ] } },
{ "type": "Feature", "properties": { "PROW_ID": "RR5", "TYPE": "Footpath" }, "geometry": { "type": "MultiLineString", "coordinates": [ [ [ 573085.826046177418903, 170257.47645825042855 ], [ 573018.860027975635603, 170195.642441438569222 ], [ 572890.12799298518803, 169972.703380840655882 ], [ 572922.048001661431044, 169858.071349684090819 ], [ 572876.356989242020063, 169772.228326357260812 ] ] ] } },
{ "type": "Feature", "properties": { "PROW_ID": "RR10A", "TYPE": "Footpath" }, "geometry": { "type": "MultiLineString", "coordinates": [ [ [ 572889.433992796693929, 169096.287142620247323 ], [ 572902.145996251958422, 169023.631122876773588 ] ] ] } },
{ "type": "Feature", "properties": { "PROW_ID": "RR10B", "TYPE": "Footpath" }, "geometry": { "type": "MultiLineString", "coordinates": [ [ [ 572922.699001838220283, 169319.120203193975613 ], [ 572900.815995890414342, 169195.469169580319431 ], [ 572824.016975015518256, 169195.469169589516241 ], [ 572824.607975176302716, 169164.15916107193334 ] ] ] } },
{ "type": "Feature", "properties": { "PROW_ID": "RR12", "TYPE": "Restricted Byway" }, "geometry": { "type": "MultiLineString", "coordinates": [ [ [ 572937.443005845881999, 168638.406018166511785 ], [ 573051.950036969967186, 168621.456013558490667 ], [ 573047.50703576230444, 168561.956997389206663 ], [ 573163.848067384795286, 168507.934982704289723 ] ] ] } },
{ "type": "Feature", "properties": { "PROW_ID": "RS204", "TYPE": "Footpath" }, "geometry": { "type": "MultiLineString", "coordinates": [ [ [ 571303.226561652263626, 167068.363591415109113 ], [ 571223.508539984002709, 167191.085624780447688 ], [ 571194.276532038580626, 167603.051736747613177 ] ] ] } },
{ "type": "Feature", "properties": { "PROW_ID": "RR28", "TYPE": "Footpath" }, "geometry": { "type": "MultiLineString", "coordinates": [ [ [ 571010.242482016445138, 168971.016108579002321 ], [ 571033.079488223884255, 168990.005113736435305 ], [ 571366.146578754181974, 168694.423033394792583 ] ] ] } },
{ "type": "Feature", "properties": { "PROW_ID": "RR7", "TYPE": "Footpath" }, "geometry": { "type": "MultiLineString", "coordinates": [ [ [ 572078.886772482888773, 169678.962301001942251 ], [ 572175.485798739478923, 169608.978281976422295 ], [ 572407.662861847085878, 169539.645263133803383 ], [ 572361.440849283360876, 169414.845229215512518 ] ] ] } },
{ "type": "Feature", "properties": { "PROW_ID": "RR24A", "TYPE": "Footpath" }, "geometry": { "type": "MultiLineString", "coordinates": [ [ [ 573188.460074074333534, 168294.493924690876156 ], [ 573369.792123362072743, 168564.003997942258138 ] ] ] } },
{ "type": "Feature", "properties": { "PROW_ID": "RR20", "TYPE": "Footpath" }, "geometry": { "type": "MultiLineString", "coordinates": [ [ [ 572463.561877041007392, 169511.898255589534529 ], [ 572402.487860440509394, 169518.134257284284104 ] ] ] } },
{ "type": "Feature", "properties": { "PROW_ID": "RR26", "TYPE": "Footpath" }, "geometry": { "type": "MultiLineString", "coordinates": [ [ [ 572972.765015446930192, 166648.08847717999015 ], [ 572765.579959132010117, 166959.270561765297316 ] ] ] } },
{ "type": "Feature", "properties": { "PROW_ID": "RR25", "TYPE": "Footpath" }, "geometry": { "type": "MultiLineString", "coordinates": [ [ [ 573821.346246097935364, 166938.766556198883336 ], [ 573609.549188529956155, 166930.070553828787524 ], [ 573464.370149069116451, 166820.72252410260262 ], [ 573295.222103093285114, 166769.465510174981318 ] ] ] } },
{ "type": "Feature", "properties": { "PROW_ID": "RS26", "TYPE": "Footpath" }, "geometry": { "type": "MultiLineString", "coordinates": [ [ [ 579969.639917256077752, 175686.893934003950562 ], [ 580072.481945209205151, 175569.244902027712669 ] ] ] } },
{ "type": "Feature", "properties": { "PROW_ID": "RCX12", "TYPE": "Footpath" }, "geometry": { "type": "MultiLineString", "coordinates": [ [ [ 576401.061947286128998, 167496.174707707308698 ], [ 576389.684944194043055, 167462.043698424473405 ] ] ] } },
{ "type": "Feature", "properties": { "PROW_ID": "RCX1a", "TYPE": "Footpath" }, "geometry": { "type": "MultiLineString", "coordinates": [ [ [ 575500.239702435210347, 168059.090860710595734 ], [ 575650.503743278095499, 168164.778889437904581 ], [ 575680.666751476819627, 168302.362926828616764 ], [ 575660.540746006183326, 168357.843941913801245 ] ] ] } },
{ "type": "Feature", "properties": { "PROW_ID": "GBX35", "TYPE": "Footpath" }, "geometry": { "type": "MultiLineString", "coordinates": [ [ [ 577007.290112064220011, 168647.644020676380023 ], [ 577055.974125296692364, 168671.986027299601119 ] ] ] } },
{ "type": "Feature", "properties": { "PROW_ID": "GBX6", "TYPE": "Footpath" }, "geometry": { "type": "MultiLineString", "coordinates": [ [ [ 577062.324127022759058, 168660.080024064343888 ], [ 577023.959116594865918, 168630.71101607917808 ] ] ] } },
{ "type": "Feature", "properties": { "PROW_ID": "GBX13", "TYPE": "Footpath" }, "geometry": { "type": "MultiLineString", "coordinates": [ [ [ 577470.497237967676483, 168948.979102588549722 ], [ 577443.351230589323677, 168890.559086702065542 ] ] ] } },
{ "type": "Feature", "properties": { "PROW_ID": "GBX14", "TYPE": "Footpath" }, "geometry": { "type": "MultiLineString", "coordinates": [ [ [ 577587.223269694717601, 168940.171100197534543 ], [ 577591.456270845723338, 168862.912079188739881 ] ] ] } },
{ "type": "Feature", "properties": { "PROW_ID": "GBX14", "TYPE": "Footpath" }, "geometry": { "type": "MultiLineString", "coordinates": [ [ [ 577666.598291269619949, 168857.885077831742819 ], [ 577595.776272019720636, 168889.791086495097261 ] ] ] } },
{ "type": "Feature", "properties": { "PROW_ID": "GBX16", "TYPE": "Footpath" }, "geometry": { "type": "MultiLineString", "coordinates": [ [ [ 577590.027270457241684, 169133.031152611889411 ], [ 577604.209274311899208, 169130.703151975874789 ] ] ] } },
{ "type": "Feature", "properties": { "PROW_ID": "GBX15", "TYPE": "Footpath" }, "geometry": { "type": "MultiLineString", "coordinates": [ [ [ 577843.181339266477153, 169077.204137441352941 ], [ 577861.808344329590909, 169000.369116550427862 ] ] ] } },
{ "type": "Feature", "properties": { "PROW_ID": "GBX17", "TYPE": "Footpath" }, "geometry": { "type": "MultiLineString", "coordinates": [ [ [ 577753.540314901387319, 169102.08814419794362 ], [ 577800.504327666480094, 169274.067190947884228 ] ] ] } },
{ "type": "Feature", "properties": { "PROW_ID": "GBX18", "TYPE": "Footpath" }, "geometry": { "type": "MultiLineString", "coordinates": [ [ [ 578088.569405965157785, 169243.971182762004901 ], [ 578067.403400211827829, 169128.877151487453375 ] ] ] } },
{ "type": "Feature", "properties": { "PROW_ID": "GBX20", "TYPE": "Footpath" }, "geometry": { "type": "MultiLineString", "coordinates": [ [ [ 578311.944466680171899, 168814.988066161924507 ], [ 578481.685512817464769, 168804.366063275316264 ], [ 578498.211517309071496, 169027.713123990164604 ], [ 578374.703483738587238, 169025.06612326821778 ], [ 578398.367490170756355, 169131.367152156366501 ] ] ] } },
{ "type": "Feature", "properties": { "PROW_ID": "GBX20", "TYPE": "Footpath" }, "geometry": { "type": "MultiLineString", "coordinates": [ [ [ 578398.802490288857371, 169138.786154178029392 ], [ 578432.595499474089593, 169307.114199929172173 ], [ 578546.895530541893095, 169343.097209709172603 ], [ 578729.987580307992175, 169308.172200214175973 ], [ 578809.362601882545277, 169166.355161675775889 ], [ 579054.83066860307008, 169030.751124812522903 ], [ 579034.787663154769689, 168992.788114497321658 ], [ 579061.246670346939936, 168964.213106725714169 ], [ 579195.654706880101003, 168963.155106442805845 ], [ 579254.921722989529371, 169061.580133189505432 ], [ 579283.349730716319755, 169043.87112837668974 ] ] ] } },
{ "type": "Feature", "properties": { "PROW_ID": "GBX20", "TYPE": "Footpath" }, "geometry": { "type": "MultiLineString", "coordinates": [ ] } },
{ "type": "Feature", "properties": { "PROW_ID": "GBX21", "TYPE": "Footpath" }, "geometry": { "type": "MultiLineString", "coordinates": [ [ [ 579105.200682293972932, 168777.318055926705711 ], [ 579074.244673879584298, 168689.476032056030817 ] ] ] } },
{ "type": "Feature", "properties": { "PROW_ID": "GBX42", "TYPE": "Footpath" }, "geometry": { "type": "MultiLineString", "coordinates": [ [ [ 579405.701763972640038, 167956.379832793143578 ], [ 578804.831600651028566, 168173.867891905480064 ] ] ] } },
{ "type": "Feature", "properties": { "PROW_ID": "GBX23", "TYPE": "Footpath" }, "geometry": { "type": "MultiLineString", "coordinates": [ [ [ 578226.385443424689583, 168239.352909702050965 ], [ 578204.887437581084669, 168186.435895327071194 ] ] ] } },
{ "type": "Feature", "properties": { "PROW_ID": "GBX23", "TYPE": "Footpath" }, "geometry": { "type": "MultiLineString", "coordinates": [ [ [ 578200.588436412857845, 168179.15989334101323 ], [ 578179.090430569369346, 168127.234879228868522 ] ] ] } },
{ "type": "Feature", "properties": { "PROW_ID": "GBX23", "TYPE": "Footpath" }, "geometry": { "type": "MultiLineString", "coordinates": [ [ [ 578176.11442976037506, 168121.943877791927662 ], [ 578153.62442364753224, 168068.695863319851924 ] ] ] } },
{ "type": "Feature", "properties": { "PROW_ID": "GBX23", "TYPE": "Footpath" }, "geometry": { "type": "MultiLineString", "coordinates": [ [ [ 578148.994422389077954, 168059.435860802361276 ], [ 578070.611401084112003, 167928.79682528792182 ] ] ] } },
{ "type": "Feature", "properties": { "PROW_ID": "GBX12", "TYPE": "Footpath" }, "geometry": { "type": "MultiLineString", "coordinates": [ [ [ 578004.465383105212823, 167911.268820524332114 ], [ 577943.611366564407945, 167903.992818550323136 ] ] ] } },
{ "type": "Feature", "properties": { "PROW_ID": "GBX12", "TYPE": "Footpath" }, "geometry": { "type": "MultiLineString", "coordinates": [ [ [ 577931.043363148113713, 167903.661818465334363 ], [ 577831.162335999775678, 167882.825812792696524 ] ] ] } },
{ "type": "Feature", "properties": { "PROW_ID": "GBX12", "TYPE": "Footpath" }, "geometry": { "type": "MultiLineString", "coordinates": [ [ [ 577816.610332044423558, 167877.864811450010166 ], [ 577756.417315683327615, 167860.005806594272144 ] ] ] } },
{ "type": "Feature", "properties": { "PROW_ID": "GBX11", "TYPE": "Footpath" }, "geometry": { "type": "MultiLineString", "coordinates": [ [ [ 577683.392295834724791, 167853.655804866692051 ], [ 577581.52826814702712, 167880.444812152010854 ] ] ] } },
{ "type": "Feature", "properties": { "PROW_ID": "GBX10", "TYPE": "Footpath" }, "geometry": { "type": "MultiLineString", "coordinates": [ [ [ 577442.284230299643241, 167945.849829923885409 ], [ 577570.342265106504783, 167901.399817852070555 ] ] ] } },
{ "type": "Feature", "properties": { "PROW_ID": "GBX5", "TYPE": "Footpath" }, "geometry": { "type": "MultiLineString", "coordinates": [ [ [ 577397.040218001697212, 168321.293931969674304 ], [ 577403.39021972741466, 168208.31690126931062 ] ] ] } },
{ "type": "Feature", "properties": { "PROW_ID": "GBX5", "TYPE": "Footpath" }, "geometry": { "type": "MultiLineString", "coordinates": [ [ [ 577471.28223818121478, 168328.460933924012352 ], [ 577412.915222316398285, 168290.86692371085519 ] ] ] } },
{ "type": "Feature", "properties": { "PROW_ID": "GBX25", "TYPE": "Footpath" }, "geometry": { "type": "MultiLineString", "coordinates": [ [ [ 577554.203260719776154, 168280.812920970609412 ], [ 577609.236275678151287, 168265.20291672978783 ] ] ] } },
{ "type": "Feature", "properties": { "PROW_ID": "GBX24", "TYPE": "Footpath" }, "geometry": { "type": "MultiLineString", "coordinates": [ [ [ 577624.847279921290465, 168323.410932553815655 ], [ 577558.171261798357591, 168360.981942763668485 ] ] ] } },
{ "type": "Feature", "properties": { "PROW_ID": "GBX24", "TYPE": "Footpath" }, "geometry": { "type": "MultiLineString", "coordinates": [ [ [ 577565.580263812211342, 168337.433936359651852 ], [ 577532.771254894440062, 168294.570924712170381 ] ] ] } },
{ "type": "Feature", "properties": { "PROW_ID": "GBX26", "TYPE": "Footpath" }, "geometry": { "type": "MultiLineString", "coordinates": [ [ [ 577210.089167186873965, 167817.063794921385124 ], [ 577249.11517779447604, 167780.352784944348969 ] ] ] } },
{ "type": "Feature", "properties": { "PROW_ID": "GBX26", "TYPE": "Footpath" }, "geometry": { "type": "MultiLineString", "coordinates": [ [ [ 577252.42317869362887, 167776.714783958741464 ], [ 577285.165187593083829, 167734.049772363447119 ] ] ] } },
{ "type": "Feature", "properties": { "PROW_ID": "GBX27", "TYPE": "Footpath" }, "geometry": { "type": "MultiLineString", "coordinates": [ [ [ 577318.436196636524983, 167660.495752365095541 ], [ 577345.424203972099349, 167664.464753446343821 ] ] ] } },
{ "type": "Feature", "properties": { "PROW_ID": "GBX28", "TYPE": "Footpath" }, "geometry": { "type": "MultiLineString", "coordinates": [ [ [ 577274.251184626715258, 167604.933737260987982 ], [ 577304.413192825159058, 167598.318735459877644 ] ] ] } },
{ "type": "Feature", "properties": { "PROW_ID": "GBX28", "TYPE": "Footpath" }, "geometry": { "type": "MultiLineString", "coordinates": [ [ [ 577261.02218103071209, 167605.462737412308343 ], [ 577227.420171897625551, 167635.360745534708258 ] ] ] } },
{ "type": "Feature", "properties": { "PROW_ID": "GBX37", "TYPE": "Footpath" }, "geometry": { "type": "MultiLineString", "coordinates": [ [ [ 577476.658239642740227, 167496.189707702666055 ], [ 577518.72625107713975, 167446.711694252677262 ] ] ] } },
{ "type": "Feature", "properties": { "PROW_ID": "GBX36", "TYPE": "Footpath" }, "geometry": { "type": "MultiLineString", "coordinates": [ [ [ 577550.476259707007557, 167437.451691739435773 ], [ 577533.808255176292732, 167416.549686061684042 ], [ 577597.837272579898126, 167359.13467045838479 ], [ 577617.416277901851572, 167382.682676855998579 ] ] ] } },
{ "type": "Feature", "properties": { "PROW_ID": "GBX36", "TYPE": "Footpath" }, "geometry": { "type": "MultiLineString", "coordinates": [ [ [ 577597.837272579898126, 167359.13467045838479 ], [ 577665.041290846653283, 167271.557646653440315 ] ] ] } },
{ "type": "Feature", "properties": { "PROW_ID": "GBX40", "TYPE": "Footpath" }, "geometry": { "type": "MultiLineString", "coordinates": [ [ [ 577493.06224410131108, 167315.478658583830111 ], [ 577435.382228423492052, 167312.03865764971124 ] ] ] } },
{ "type": "Feature", "properties": { "PROW_ID": "GBX40", "TYPE": "Footpath" }, "geometry": { "type": "MultiLineString", "coordinates": [ [ [ 577424.005225331056863, 167313.097657943144441 ], [ 577353.097206057514995, 167307.805656502663624 ] ] ] } },
{ "type": "Feature", "properties": { "PROW_ID": "GBX41", "TYPE": "Footpath" }, "geometry": { "type": "MultiLineString", "coordinates": [ [ [ 577239.326175133697689, 167311.509657508984674 ], [ 577192.759162476519123, 167325.532661316276062 ] ] ] } },
{ "type": "Feature", "properties": { "PROW_ID": "GBX38", "TYPE": "Footpath" }, "geometry": { "type": "MultiLineString", "coordinates": [ [ [ 577149.632150754099712, 167332.940663339453749 ], [ 577163.919154637726024, 167195.621626006031875 ] ] ] } },
{ "type": "Feature", "properties": { "PROW_ID": "GBX39", "TYPE": "Footpath" }, "geometry": { "type": "MultiLineString", "coordinates": [ [ [ 577313.145195198361762, 167112.542603429406881 ], [ 577319.759196996106766, 167029.992580988619011 ] ] ] } },
{ "type": "Feature", "properties": { "PROW_ID": "GBX34", "TYPE": "Footpath" }, "geometry": { "type": "MultiLineString", "coordinates": [ [ [ 577941.349365949514322, 167051.175586743629538 ], [ 578018.079386805300601, 167035.631582520669326 ] ] ] } },
{ "type": "Feature", "properties": { "PROW_ID": "GBX33", "TYPE": "Footpath" }, "geometry": { "type": "MultiLineString", "coordinates": [ [ [ 578069.673400829080492, 166894.740544223051984 ], [ 578130.858417459763587, 166882.503540896403138 ] ] ] } },
{ "type": "Feature", "properties": { "PROW_ID": "GBX32", "TYPE": "Footpath" }, "geometry": { "type": "MultiLineString", "coordinates": [ [ [ 578355.423478498356417, 167512.510712139715906 ], [ 578356.415478767827153, 167462.239698481047526 ] ] ] } },
{ "type": "Feature", "properties": { "PROW_ID": "GBX31", "TYPE": "Footpath" }, "geometry": { "type": "MultiLineString", "coordinates": [ [ [ 578653.080559404101223, 167389.148678605561145 ], [ 578512.189521108521149, 167540.291719698521774 ] ] ] } },
{ "type": "Feature", "properties": { "PROW_ID": "GBX30", "TYPE": "Footpath" }, "geometry": { "type": "MultiLineString", "coordinates": [ [ [ 578458.942506635328755, 167690.773760600772221 ], [ 578527.072525153984316, 167757.25077866303036 ] ] ] } },
{ "type": "Feature", "properties": { "PROW_ID": "GBX30", "TYPE": "Footpath" }, "geometry": { "type": "MultiLineString", "coordinates": [ [ [ 578486.53551413572859, 167715.172767226176802 ], [ 578513.512521468335763, 167686.805759513110388 ] ] ] } },
{ "type": "Feature", "properties": { "PROW_ID": "GBX29", "TYPE": "Footpath" }, "geometry": { "type": "MultiLineString", "coordinates": [ [ [ 578032.962390850647353, 167688.458759969449602 ], [ 578028.66238968167454, 167647.448748824710492 ] ] ] } },
{ "type": "Feature", "properties": { "PROW_ID": "GBX29", "TYPE": "Footpath" }, "geometry": { "type": "MultiLineString", "coordinates": [ [ [ 578026.347389052505605, 167638.187746307987254 ], [ 578023.040388153633103, 167561.458725451142527 ] ] ] } },
{ "type": "Feature", "properties": { "PROW_ID": "GBX43", "TYPE": "Footpath" }, "geometry": { "type": "MultiLineString", "coordinates": [ [ [ 579047.145666514057666, 166681.551486280513927 ], [ 579035.238663277588785, 166661.046480707067531 ] ] ] } },
{ "type": "Feature", "properties": { "PROW_ID": "GBX58", "TYPE": "Footpath" }, "geometry": { "type": "MultiLineString", "coordinates": [ [ [ 579358.031751015339978, 167125.391606924007647 ], [ 579388.789759375853464, 167184.922623098769691 ], [ 579454.273777174996212, 167214.026631009706762 ] ] ] } },
{ "type": "Feature", "properties": { "PROW_ID": "GBX60", "TYPE": "Footpath" }, "geometry": { "type": "MultiLineString", "coordinates": [ [ [ 579578.958811065298505, 167043.37058462749701 ], [ 579622.284822841989808, 167035.102582374995109 ], [ 579641.466828055446967, 167064.867590468085837 ] ] ] } },
{ "type": "Feature", "properties": { "PROW_ID": "GBX51", "TYPE": "Footpath" }, "geometry": { "type": "MultiLineString", "coordinates": [ [ [ 579737.378854125039652, 167199.474627060932107 ], [ 579678.177838033996522, 167215.680631458177231 ] ] ] } },
{ "type": "Feature", "properties": { "PROW_ID": "GBX51", "TYPE": "Footpath" }, "geometry": { "type": "MultiLineString", "coordinates": [ [ [ 579797.015870334929787, 167171.839619548933115 ], [ 579822.415877238847315, 167159.297616140334867 ] ] ] } },
{ "type": "Feature", "properties": { "PROW_ID": "GBX51", "TYPE": "Footpath" }, "geometry": { "type": "MultiLineString", "coordinates": [ [ [ 579833.686880302848294, 167169.722618966945447 ], [ 579898.245897850254551, 167165.224617748521268 ] ] ] } },
{ "type": "Feature", "properties": { "PROW_ID": "GBX51", "TYPE": "Footpath" }, "geometry": { "type": "MultiLineString", "coordinates": [ [ [ 579854.588885983917862, 167160.197616385121364 ], [ 579837.126881237607449, 167100.930600273364689 ] ] ] } },
{ "type": "Feature", "properties": { "PROW_ID": "GBX57", "TYPE": "Footpath" }, "geometry": { "type": "MultiLineString", "coordinates": [ [ [ 579412.204765740083531, 167323.974660899781156 ], [ 579505.867791198659688, 167361.01667096465826 ] ] ] } },
{ "type": "Feature", "properties": { "PROW_ID": "GBX56", "TYPE": "Footpath" }, "geometry": { "type": "MultiLineString", "coordinates": [ [ [ 579699.278843769221567, 167369.218673198542092 ], [ 579681.286838879343122, 167331.383662903797813 ] ] ] } },
{ "type": "Feature", "properties": { "PROW_ID": "GBX55", "TYPE": "Footpath" }, "geometry": { "type": "MultiLineString", "coordinates": [ [ [ 579899.30389813776128, 167322.916660611925181 ], [ 579972.064917914569378, 167307.305656370474026 ] ] ] } },
{ "type": "Feature", "properties": { "PROW_ID": "GBX54", "TYPE": "Footpath" }, "geometry": { "type": "MultiLineString", "coordinates": [ [ [ 580031.066933952271938, 167245.393639534479007 ], [ 580007.518927551573142, 167200.414627312740777 ] ] ] } },
{ "type": "Feature", "properties": { "PROW_ID": "GBX53", "TYPE": "Footpath" }, "geometry": { "type": "MultiLineString", "coordinates": [ [ [ 580161.241969335125759, 167150.143613642081618 ], [ 580144.043964660260826, 167104.105601136106998 ] ] ] } },
{ "type": "Feature", "properties": { "PROW_ID": "GBX59", "TYPE": "Footpath" }, "geometry": { "type": "MultiLineString", "coordinates": [ [ [ 580355.513022139552049, 166922.386551736388355 ], [ 580393.547032477334142, 166895.927544549631421 ] ] ] } },
{ "type": "Feature", "properties": { "PROW_ID": "GBX52", "TYPE": "Footpath" }, "geometry": { "type": "MultiLineString", "coordinates": [ [ [ 580412.068037511548027, 166798.693518119398504 ], [ 580338.976017644512467, 166707.080493217566982 ] ] ] } },
{ "type": "Feature", "properties": { "PROW_ID": "GBX61", "TYPE": "Footpath" }, "geometry": { "type": "MultiLineString", "coordinates": [ [ [ 579967.830916763981804, 165925.412280755408574 ], [ 580147.218965523061343, 165926.999281191034243 ] ] ] } },
{ "type": "Feature", "properties": { "PROW_ID": "GBX19", "TYPE": "Footpath" }, "geometry": { "type": "MultiLineString", "coordinates": [ [ [ 577812.001330791274086, 168887.693085931590758 ], [ 578124.560415747808293, 168848.888075377268251 ] ] ] } },
{ "type": "Feature", "properties": { "PROW_ID": "GB12A", "TYPE": "Footpath" }, "geometry": { "type": "MultiLineString", "coordinates": [ [ [ 582686.54665573395323, 165186.920080024225172 ], [ 582874.880706924712285, 164993.812027539359406 ] ] ] } },
{ "type": "Feature", "properties": { "PROW_ID": "GB11", "TYPE": "Footpath" }, "geometry": { "type": "MultiLineString", "coordinates": [ [ [ 581717.326392291695811, 165562.667182153498288 ], [ 581709.918390277773142, 165435.270147535193246 ], [ 581764.68740516458638, 165385.264133940858301 ], [ 581751.986401712521911, 165350.338124443136621 ], [ 581801.199415088747628, 165323.351117116282694 ] ] ] } },
{ "type": "Feature", "properties": { "PROW_ID": "RS136", "TYPE": "Footpath" }, "geometry": { "type": "MultiLineString", "coordinates": [ [ [ 576081.132860326906666, 171139.941698109847493 ], [ 575909.148813580628484, 171375.571762150793802 ] ] ] } },
{ "type": "Feature", "properties": { "PROW_ID": "RS131", "TYPE": "Footpath" }, "geometry": { "type": "MultiLineString", "coordinates": [ [ [ 572626.449921315419488, 171010.550662932451814 ], [ 572569.299905781401321, 170983.959655712824315 ], [ 572237.969815722899511, 171001.703660531551577 ] ] ] } },
{ "type": "Feature", "properties": { "PROW_ID": "RS1", "TYPE": "Footpath" }, "geometry": { "type": "MultiLineString", "coordinates": [ [ [ 588404.922210036427714, 177464.553417186369188 ], [ 588846.191329976776615, 177112.709321559173986 ] ] ] } },
{ "type": "Feature", "properties": { "PROW_ID": "RS1", "TYPE": "Footpath" }, "geometry": { "type": "MultiLineString", "coordinates": [ [ [ 589298.716452977154404, 175535.045892732799985 ], [ 589295.314452052349225, 175480.30487785441801 ] ] ] } },
{ "type": "Feature", "properties": { "PROW_ID": "RS289", "TYPE": "Footpath" }, "geometry": { "type": "MultiLineString", "coordinates": [ [ [ 574388.696400308632292, 174599.898638549319003 ], [ 574329.498384217731655, 174603.236639466078486 ] ] ] } },
{ "type": "Feature", "properties": { "PROW_ID": "RS289", "TYPE": "Footpath" }, "geometry": { "type": "MultiLineString", "coordinates": [ [ [ 574329.498384217731655, 174603.236639466078486 ], [ 574230.107357202563435, 174491.462609077745583 ] ] ] } },
{ "type": "Feature", "properties": { "PROW_ID": "RS289", "TYPE": "Footpath" }, "geometry": { "type": "MultiLineString", "coordinates": [ [ [ 574553.651445144671015, 174834.745702387997881 ], [ 574329.498384217731655, 174603.236639466078486 ] ] ] } },
{ "type": "Feature", "properties": { "PROW_ID": "RRX31", "TYPE": "Footpath" }, "geometry": { "type": "MultiLineString", "coordinates": [ [ [ 574476.675424222019501, 166841.56152976793237 ], [ 574544.747442724183202, 166840.397529460198712 ] ] ] } },
{ "type": "Feature", "properties": { "PROW_ID": "RRX31", "TYPE": "Footpath" }, "geometry": { "type": "MultiLineString", "coordinates": [ [ [ 574418.972408537520096, 166890.797543160442729 ], [ 574470.42242252221331, 166848.422531641088426 ] ] ] } },
{ "type": "Feature", "properties": { "PROW_ID": "RRX38", "TYPE": "Footpath" }, "geometry": { "type": "MultiLineString", "coordinates": [ [ [ 574660.320474138134159, 166179.872349920042325 ], [ 574747.916497947764583, 166171.232347567100078 ] ] ] } },
{ "type": "Feature", "properties": { "PROW_ID": "RRX38", "TYPE": "Footpath" }, "geometry": { "type": "MultiLineString", "coordinates": [ [ [ 574559.149446638999507, 166221.105361125082709 ], [ 574653.867472384357825, 166195.87235426355619 ] ] ] } },
{ "type": "Feature", "properties": { "PROW_ID": "RC20", "TYPE": "Footpath" }, "geometry": { "type": "MultiLineString", "coordinates": [ [ [ 575952.491825361154042, 163214.370543871016707 ], [ 575842.765795536572114, 163152.455527045181952 ] ] ] } },
{ "type": "Feature", "properties": { "PROW_ID": "RC20", "TYPE": "Footpath" }, "geometry": { "type": "MultiLineString", "coordinates": [ [ [ 575730.392764992779121, 163041.291496831341647 ], [ 575648.970742861391045, 163005.939487220777664 ] ] ] } },
{ "type": "Feature", "properties": { "PROW_ID": "RCX7", "TYPE": "Footpath" }, "geometry": { "type": "MultiLineString", "coordinates": [ [ [ 576045.403850615606643, 167976.24783818697324 ], [ 576069.504857166321017, 167971.114836799388286 ] ] ] } },
{ "type": "Feature", "properties": { "PROW_ID": "RCX7", "TYPE": "Footpath" }, "geometry": { "type": "MultiLineString", "coordinates": [ [ [ 576045.403850615606643, 167976.24783818697324 ], [ 576047.576851206133142, 167956.521832829574123 ] ] ] } },
{ "type": "Feature", "properties": { "PROW_ID": "RCX7", "TYPE": "Footpath" }, "geometry": { "type": "MultiLineString", "coordinates": [ [ [ 575925.765818096930161, 168160.949888388975523 ], [ 576045.403850615606643, 167976.24783818697324 ] ] ] } },
{ "type": "Feature", "properties": { "PROW_ID": "RCX57", "TYPE": "Footpath" }, "geometry": { "type": "MultiLineString", "coordinates": [ [ [ 575606.629731353023089, 165230.777091949305031 ], [ 575747.842769736074843, 165258.741099543694872 ] ] ] } },
{ "type": "Feature", "properties": { "PROW_ID": "RCX57", "TYPE": "Footpath" }, "geometry": { "type": "MultiLineString", "coordinates": [ [ [ 575351.862662105006166, 165317.475115514302161 ], [ 575570.179721445776522, 165295.762109605129808 ] ] ] } },
{ "type": "Feature", "properties": { "PROW_ID": "RCX42", "TYPE": "Footpath" }, "geometry": { "type": "MultiLineString", "coordinates": [ [ [ 575435.417684815940447, 166701.806491787836421 ], [ 575400.575675345491618, 166695.068489959579892 ] ] ] } },
{ "type": "Feature", "properties": { "PROW_ID": "RCX42", "TYPE": "Footpath" }, "geometry": { "type": "MultiLineString", "coordinates": [ [ [ 575428.735682999715209, 166742.842502939922269 ], [ 575422.760681375861168, 166704.937492634635419 ], [ 575468.589693832444027, 166698.052490771049634 ] ] ] } },
{ "type": "Feature", "properties": { "PROW_ID": "GB18", "TYPE": "Footpath" }, "geometry": { "type": "MultiLineString", "coordinates": [ [ [ 579765.046861645649187, 168834.074071354116313 ], [ 579684.134839653386734, 168681.881029981945176 ] ] ] } },
{ "type": "Feature", "properties": { "PROW_ID": "RS351A", "TYPE": "Restricted Byway" }, "geometry": { "type": "MultiLineString", "coordinates": [ [ [ 578473.535510602057911, 171977.25892569887219 ], [ 579096.79168000863865, 172125.015965853701346 ] ] ] } },
{ "type": "Feature", "properties": { "PROW_ID": "RS111", "TYPE": "Restricted Byway" }, "geometry": { "type": "MultiLineString", "coordinates": [ [ [ 578988.445650559151545, 172775.503142663801555 ], [ 579122.751687064650469, 172466.118058568274137 ], [ 579138.42769132531248, 172312.31101676390972 ], [ 579492.102787457406521, 172027.537939361180179 ], [ 579735.003853479633108, 171762.960867451678496 ] ] ] } },
{ "type": "Feature", "properties": { "PROW_ID": "RS1", "TYPE": "Footpath" }, "geometry": { "type": "MultiLineString", "coordinates": [ [ [ 588846.191329976776615, 177112.709321559173986 ], [ 588937.530354803544469, 176960.112280079745688 ], [ 589082.686394258169457, 176911.035266745078843 ], [ 589165.235416695708409, 176730.743217733863275 ], [ 589244.21743816381786, 176334.635110067378264 ], [ 589330.778461691457778, 175566.533901296264958 ], [ 589298.716452977154404, 175535.045892732799985 ] ] ] } },
{ "type": "Feature", "properties": { "PROW_ID": "RS1A", "TYPE": "Footpath" }, "geometry": { "type": "MultiLineString", "coordinates": [ [ [ 589266.985444352147169, 176013.685022831545211 ], [ 589011.316374859074131, 176211.578076623030938 ] ] ] } },
{ "type": "Feature", "properties": { "PROW_ID": "RS347", "TYPE": "Footpath" }, "geometry": { "type": "MultiLineString", "coordinates": [ [ [ 578321.85046937293373, 174493.983609762042761 ], [ 578413.598494310630485, 174672.145658194378484 ], [ 578386.039486820111051, 175047.530760218971409 ] ] ] } },
{ "type": "Feature", "properties": { "PROW_ID": "RS88", "TYPE": "Footpath" }, "geometry": { "type": "MultiLineString", "coordinates": [ [ [ 579232.386716864304617, 174574.440631628385745 ], [ 579369.511754135834053, 174499.345611226453912 ], [ 579522.136795620550402, 174535.788621132320259 ], [ 579714.632847942993976, 174436.546594149025623 ], [ 579841.519882431835867, 174148.584515880327672 ], [ 580246.285992450430058, 173935.284457906964235 ], [ 580221.422985692741349, 173888.699445236765314 ], [ 580426.464041424333118, 173727.651401471404824 ] ] ] } },
{ "type": "Feature", "properties": { "PROW_ID": "RS25", "TYPE": "Footpath" }, "geometry": { "type": "MultiLineString", "coordinates": [ [ [ 580562.201078318641521, 176214.210077340365387 ], [ 580643.144100319826975, 175973.498011909541674 ], [ 580550.382075106259435, 175368.077847355918493 ] ] ] } },
{ "type": "Feature", "properties": { "PROW_ID": "RS109", "TYPE": "Byway" }, "geometry": { "type": "MultiLineString", "coordinates": [ [ [ 580348.533020242117345, 175374.9048492074362 ], [ 580301.088007346261293, 175264.031819067371543 ], [ 580061.543942236108705, 175119.734779849415645 ], [ 579974.956918701180257, 175020.367752837599255 ], [ 579909.826900998130441, 175032.659756182227284 ], [ 579625.06782359839417, 174766.614683863823302 ], [ 579289.587732411804609, 173889.82444555091206 ], [ 579169.721699831308797, 173696.106392895104364 ], [ 579014.603657668922096, 173533.588348723074887 ], [ 578990.424651096807793, 173453.659326996188611 ] ] ] } },
{ "type": "Feature", "properties": { "PROW_ID": "RS89", "TYPE": "Footpath" }, "geometry": { "type": "MultiLineString", "coordinates": [ [ [ 580709.428118336480111, 173967.06346654414665 ], [ 581030.003205471439287, 174067.435493824945297 ], [ 581092.674222506117076, 174031.036483930016402 ] ] ] } },
{ "type": "Feature", "properties": { "PROW_ID": "RS17", "TYPE": "Footpath" }, "geometry": { "type": "MultiLineString", "coordinates": [ [ [ 580699.718115697265603, 177957.369551140756812 ], [ 580908.505172447301447, 177424.932406421517953 ], [ 580939.23118079896085, 177441.010410789109301 ], [ 581080.221219120896421, 177251.063359167310409 ] ] ] } },
{ "type": "Feature", "properties": { "PROW_ID": "RS19", "TYPE": "Footpath" }, "geometry": { "type": "MultiLineString", "coordinates": [ [ [ 581149.135237852693535, 178108.563592234917451 ], [ 580925.356177027686499, 178546.410711243166588 ], [ 580809.853145632892847, 178874.835800518572796 ], [ 580597.328087866771966, 178987.116831035120413 ] ] ] } },
{ "type": "Feature", "properties": { "PROW_ID": "RS31", "TYPE": "Footpath" }, "geometry": { "type": "MultiLineString", "coordinates": [ [ [ 579484.527785398298874, 175350.025842442002613 ], [ 579298.701734889298677, 175795.821963617578149 ], [ 579127.748688422725536, 176512.404158385936171 ], [ 579019.268658936955035, 176720.102214843675029 ], [ 578872.039618918788619, 176887.562260362552479 ], [ 578818.18660428118892, 177013.538294598343782 ] ] ] } },
{ "type": "Feature", "properties": { "PROW_ID": "RS42", "TYPE": "Footpath" }, "geometry": { "type": "MultiLineString", "coordinates": [ [ [ 578591.254542599082924, 176145.463058654160704 ], [ 578503.746518813772127, 176036.874029132013675 ], [ 578516.061522161005996, 175963.051009069662541 ], [ 578492.497515755938366, 175952.380006175255403 ] ] ] } },
{ "type": "Feature", "properties": { "PROW_ID": "RS39", "TYPE": "Footpath" }, "geometry": { "type": "MultiLineString", "coordinates": [ [ [ 578677.34056599799078, 176581.679177216487005 ], [ 578673.556564969709143, 176382.235123002319597 ], [ 578636.035554770962335, 176335.334110260242596 ], [ 578673.720565014053136, 176164.864063924003858 ] ] ] } },
{ "type": "Feature", "properties": { "PROW_ID": "RS18", "TYPE": "Footpath" }, "geometry": { "type": "MultiLineString", "coordinates": [ [ [ 580908.635172482579947, 177424.717406361363828 ], [ 580960.223186504445039, 177257.479360909899697 ], [ 581033.192206338397227, 177202.639345997653436 ], [ 581088.741221437114291, 177207.349347275740001 ], [ 581080.310219145379961, 177250.896359118516557 ], [ 581126.360231661936268, 177312.05137574323453 ], [ 581055.0462122784229, 177459.008415680029429 ], [ 581078.473218646133319, 177492.657424827921204 ] ] ] } },
{ "type": "Feature", "properties": { "PROW_ID": "RS34", "TYPE": "Footpath" }, "geometry": { "type": "MultiLineString", "coordinates": [ [ [ 582373.560570661444217, 174949.292733526672237 ], [ 582558.718620989122428, 174849.562706413096748 ], [ 582763.30167659628205, 174666.110656556498725 ] ] ] } },
{ "type": "Feature", "properties": { "PROW_ID": "RS9", "TYPE": "Footpath" }, "geometry": { "type": "MultiLineString", "coordinates": [ [ [ 584467.197139729512855, 178293.658642547146883 ], [ 584520.794154297560453, 178316.145648659265134 ], [ 584804.148231315775774, 178303.065645100723486 ], [ 584999.10828430717811, 178428.454679192916956 ], [ 585057.350300138117746, 178499.038698376622051 ] ] ] } },
{ "type": "Feature", "properties": { "PROW_ID": "RC36", "TYPE": "Footpath" }, "geometry": { "type": "MultiLineString", "coordinates": [ [ [ 576567.138992427382618, 164594.241918931889813 ], [ 576526.632981417467818, 164732.633956554229371 ], [ 576569.669993115472607, 164997.493028536031488 ], [ 576646.218013922101818, 165092.264054293977097 ], [ 576920.034088347223587, 165247.512096500024199 ], [ 576999.935110065038316, 165335.35712037968915 ] ] ] } },
{ "type": "Feature", "properties": { "PROW_ID": "RC36", "TYPE": "Footpath" }, "geometry": { "type": "MultiLineString", "coordinates": [ [ [ 577007.481112116249278, 165317.88511562399799 ], [ 576999.935110065038316, 165335.35712037968915 ] ] ] } },
{ "type": "Feature", "properties": { "PROW_ID": "RC40", "TYPE": "Footpath" }, "geometry": { "type": "MultiLineString", "coordinates": [ [ [ 577334.221200926811434, 161853.274173910875106 ], [ 577514.928250044351444, 162063.492231054435251 ], [ 577500.366246086312458, 162077.641234901442658 ] ] ] } },
{ "type": "Feature", "properties": { "PROW_ID": "RC40", "TYPE": "Footpath" }, "geometry": { "type": "MultiLineString", "coordinates": [ [ [ 577515.028250071452931, 162101.183241298800567 ], [ 577983.862377504934557, 162300.674295518023428 ] ] ] } },
{ "type": "Feature", "properties": { "PROW_ID": "RC5", "TYPE": "Footpath" }, "geometry": { "type": "MultiLineString", "coordinates": [ [ [ 576371.746939318138175, 162782.565426505054347 ], [ 576415.113951105508022, 162829.270439204061404 ], [ 576487.439970764447935, 162822.9224374734913 ], [ 576529.948982318746857, 162776.602424881770276 ], [ 576551.056988056050614, 162793.019429345848039 ], [ 576721.602034411625937, 162590.694374352402519 ] ] ] } },
{ "type": "Feature", "properties": { "PROW_ID": "RC9", "TYPE": "Footpath" }, "geometry": { "type": "MultiLineString", "coordinates": [ [ [ 577489.888243238441646, 164481.275888225762174 ], [ 577133.333146323566325, 164503.219894196721725 ], [ 577067.200128348194994, 164541.263904534396715 ], [ 577004.188111221301369, 164501.557893737510312 ], [ 576904.001083989394829, 164536.286903178726789 ] ] ] } },
{ "type": "Feature", "properties": { "PROW_ID": "RC29", "TYPE": "Byway" }, "geometry": { "type": "MultiLineString", "coordinates": [ [ [ 577677.828294322127476, 163093.182510930288117 ], [ 578219.357441514148377, 162823.566437649074942 ] ] ] } },
{ "type": "Feature", "properties": { "PROW_ID": "RC29", "TYPE": "Byway" }, "geometry": { "type": "MultiLineString", "coordinates": [ [ [ 577677.791294312104583, 163093.208510934084188 ], [ 577677.828294322127476, 163093.182510930288117 ] ] ] } },
{ "type": "Feature", "properties": { "PROW_ID": "RC36", "TYPE": "Footpath" }, "geometry": { "type": "MultiLineString", "coordinates": [ [ [ 576999.935110065038316, 165335.35712037968915 ], [ 576988.955107080633752, 165444.931150159507524 ], [ 576896.587081974139437, 165473.560157941363286 ] ] ] } },
{ "type": "Feature", "properties": { "PROW_ID": "RC9", "TYPE": "Footpath" }, "geometry": { "type": "MultiLineString", "coordinates": [ [ [ 575876.449804692529142, 164471.575885586556979 ], [ 576000.181838323827833, 164495.75289216224337 ], [ 576243.380904427263886, 164480.819888102414552 ], [ 576273.602912642178126, 164447.397879015188664 ], [ 576468.802965699112974, 164428.1978737951722 ], [ 576553.424988699844107, 164535.219902886601631 ], [ 576612.235004685120657, 164531.446901864081156 ] ] ] } },
{ "type": "Feature", "properties": { "PROW_ID": "GBX4", "TYPE": "Footpath" }, "geometry": { "type": "MultiLineString", "coordinates": [ [ [ 577412.898222311632708, 168171.622891300241463 ], [ 577298.684191267704591, 168128.100879462668672 ] ] ] } },
{ "type": "Feature", "properties": { "PROW_ID": "GBX4", "TYPE": "Footpath" }, "geometry": { "type": "MultiLineString", "coordinates": [ [ [ 577496.298244980629534, 168340.322937151126098 ], [ 577455.531233899877407, 168295.473924957448617 ], [ 577431.170227278606035, 168179.472893423051573 ] ] ] } },
{ "type": "Feature", "properties": { "PROW_ID": "GB46", "TYPE": "Footpath" }, "geometry": { "type": "MultiLineString", "coordinates": [ [ [ 576343.588931664591655, 168171.494891260692384 ], [ 576363.215936999418773, 168390.904950897675008 ] ] ] } },
{ "type": "Feature", "properties": { "PROW_ID": "GB47", "TYPE": "Footpath" }, "geometry": { "type": "MultiLineString", "coordinates": [ [ [ 576894.714081464917399, 168128.083879464655183 ], [ 576193.797890949994326, 168025.122851476829965 ] ] ] } },
{ "type": "Feature", "properties": { "PROW_ID": "RS55", "TYPE": "Footpath" }, "geometry": { "type": "MultiLineString", "coordinates": [ [ [ 576390.569944434566423, 174809.641695563099347 ], [ 576280.244914447423071, 175080.234769108355977 ] ] ] } },
{ "type": "Feature", "properties": { "PROW_ID": "RS45", "TYPE": "Footpath" }, "geometry": { "type": "MultiLineString", "coordinates": [ [ [ 577368.750210312195122, 174985.266743301646784 ], [ 577389.489215949433856, 175066.23676530062221 ], [ 577348.958204932627268, 175323.491835235210601 ] ] ] } },
{ "type": "Feature", "properties": { "PROW_ID": "RS106", "TYPE": "Footpath" }, "geometry": { "type": "MultiLineString", "coordinates": [ [ [ 575863.504801173810847, 172122.06396505975863 ], [ 575860.440800341195427, 172086.848955482477322 ], [ 575898.000810550292954, 172088.957956055121031 ], [ 576026.068845360190608, 171461.476785498613026 ], [ 576128.628873236943036, 171410.731771708698943 ] ] ] } },
{ "type": "Feature", "properties": { "PROW_ID": "RS105", "TYPE": "Footpath" }, "geometry": { "type": "MultiLineString", "coordinates": [ [ [ 575982.00683338358067, 171711.570853486249689 ], [ 576573.570994175970554, 171659.232839257572778 ], [ 576718.226033494342119, 171690.812847839144524 ], [ 577246.627177118090913, 171617.594827937486116 ], [ 577890.874352230224758, 171664.562840699509252 ] ] ] } },
{ "type": "Feature", "properties": { "PROW_ID": "RS127", "TYPE": "Footpath" }, "geometry": { "type": "MultiLineString", "coordinates": [ [ [ 576237.184902743319981, 171573.534815961262211 ], [ 576241.296903861104511, 171434.495778168551624 ], [ 576128.632873237947933, 171410.732771707931533 ], [ 576175.327885930077173, 171265.456732223334257 ] ] ] } },
{ "type": "Feature", "properties": { "PROW_ID": "RS93", "TYPE": "Footpath" }, "geometry": { "type": "MultiLineString", "coordinates": [ [ [ 576139.219876115443185, 171176.039707925345283 ], [ 576376.985940742306411, 171327.026748962292913 ], [ 576589.307998453266919, 171349.664755117264576 ], [ 577141.177148455870338, 171195.015713077329565 ], [ 577372.154211237560958, 171238.076724781247322 ], [ 577785.056323467753828, 171243.78772633644985 ], [ 578061.709398664068431, 171164.471704778145067 ], [ 578274.409456478082575, 171202.354715070861857 ], [ 578523.643524221843109, 171189.602711601764895 ], [ 578735.404581780312583, 171420.30577431601705 ], [ 578746.027584667783231, 171398.60476841730997 ], [ 578819.32260459009558, 171411.429771895927843 ], [ 578889.693623717292212, 171456.014784022409003 ], [ 579057.0706692119129, 171437.428778965258971 ], [ 579174.602701157797128, 171660.757839675759897 ], [ 579294.779733823379502, 171706.606852130324114 ], [ 579569.131808394449763, 171758.37186619953718 ], [ 579804.764872441533953, 171743.835862250300124 ], [ 579960.202914690831676, 171806.457879270485137 ], [ 579978.103919556597248, 171757.580865982919931 ], [ 580321.219012817833573, 171606.272824865882285 ], [ 580480.941056231618859, 171660.502839602238964 ], [ 580626.709095852915198, 171777.124871296866331 ] ] ] } },
{ "type": "Feature", "properties": { "PROW_ID": "RS104", "TYPE": "Footpath" }, "geometry": { "type": "MultiLineString", "coordinates": [ [ [ 576770.05304758134298, 171989.386928993742913 ], [ 576762.951045650988817, 171906.870906569587532 ], [ 576713.613032240304165, 171866.856895693053957 ], [ 576696.890027694869787, 171697.681849710992537 ] ] ] } },
{ "type": "Feature", "properties": { "PROW_ID": "RS105A", "TYPE": "Restricted Byway" }, "geometry": { "type": "MultiLineString", "coordinates": [ [ [ 577890.866352227749303, 171664.561840702430345 ], [ 578462.803507685195655, 171764.937867985048797 ] ] ] } },
{ "type": "Feature", "properties": { "PROW_ID": "RS348", "TYPE": "Footpath" }, "geometry": { "type": "MultiLineString", "coordinates": [ [ [ 577603.859274216927588, 176217.713078284752555 ], [ 577605.989274795749225, 176366.31911867891904 ] ] ] } },
{ "type": "Feature", "properties": { "PROW_ID": "RS6", "TYPE": "Footpath" }, "geometry": { "type": "MultiLineString", "coordinates": [ [ [ 580939.272180810221471, 177441.136410821054596 ], [ 581086.396220799419098, 177497.568426165729761 ], [ 581325.501285790232942, 177766.790499343187548 ], [ 581689.164384636795148, 177872.184527989884373 ], [ 581632.853369331220165, 178264.931634737702552 ] ] ] } },
{ "type": "Feature", "properties": { "PROW_ID": "RS11", "TYPE": "Footpath" }, "geometry": { "type": "MultiLineString", "coordinates": [ [ [ 582458.823593836743385, 176728.635217166855 ], [ 582238.024533821619116, 177420.299405164085329 ] ] ] } },
{ "type": "Feature", "properties": { "PROW_ID": "RS7", "TYPE": "Footpath" }, "geometry": { "type": "MultiLineString", "coordinates": [ [ [ 582747.981672432622872, 177851.845522454648744 ], [ 582560.309621421736665, 177854.178523088921793 ], [ 582261.575540223275311, 177775.106501596455928 ], [ 581991.537466824403964, 177589.445451140461955 ], [ 581561.835350027889945, 177484.422422585776076 ] ] ] } },
{ "type": "Feature", "properties": { "PROW_ID": "RS3", "TYPE": "Bridleway" }, "geometry": { "type": "MultiLineString", "coordinates": [ [ [ 588786.823313840315677, 175934.293001248326618 ], [ 588872.450337114511058, 176151.586060310422909 ] ] ] } },
{ "type": "Feature", "properties": { "PROW_ID": "RS3A", "TYPE": "Bridleway" }, "geometry": { "type": "MultiLineString", "coordinates": [ [ [ 589056.954387263860554, 175148.18878758943174 ], [ 589334.824462791206315, 175140.194785414787475 ] ] ] } },
{ "type": "Feature", "properties": { "PROW_ID": "RS97", "TYPE": "Footpath" }, "geometry": { "type": "MultiLineString", "coordinates": [ [ [ 579096.796680009691045, 172125.013965861639008 ], [ 579173.048700735787861, 172038.569942357542459 ], [ 579266.413726113038138, 172027.331939308845904 ], [ 579276.284728796221316, 171998.091931358212605 ], [ 579281.082730100024492, 171869.4938964121975 ], [ 579200.753708265954629, 171829.412885513622314 ], [ 579243.008719751494937, 171685.647846431238577 ] ] ] } },
{ "type": "Feature", "properties": { "PROW_ID": "RS107", "TYPE": "Footpath" }, "geometry": { "type": "MultiLineString", "coordinates": [ [ [ 578985.131649658200331, 173451.63432644790737 ], [ 578859.602615538518876, 174200.577530015143566 ] ] ] } },
{ "type": "Feature", "properties": { "PROW_ID": "RS352", "TYPE": "Footpath" }, "geometry": { "type": "MultiLineString", "coordinates": [ [ [ 579936.392908219131641, 172630.520103257033043 ], [ 579970.258917424129322, 172263.771003575006034 ] ] ] } },
{ "type": "Feature", "properties": { "PROW_ID": "RS90", "TYPE": "Footpath" }, "geometry": { "type": "MultiLineString", "coordinates": [ [ [ 579479.331783985951915, 172038.312942294753157 ], [ 579825.332878031767905, 172165.147976771229878 ], [ 580265.560997689492069, 172414.159044455096591 ] ] ] } },
{ "type": "Feature", "properties": { "PROW_ID": "RC24", "TYPE": "Footpath" }, "geometry": { "type": "MultiLineString", "coordinates": [ [ [ 577246.862177181756124, 163524.761628243257292 ], [ 577416.344223248539492, 163417.570599103230052 ], [ 577465.734236673335545, 163522.051627496897709 ], [ 577694.599298880551942, 163428.12460197287146 ], [ 577717.715305163757876, 163326.649574386246968 ], [ 577790.511324950144626, 163344.119579141319264 ], [ 577855.388342584250495, 163320.953572842758149 ] ] ] } },
{ "type": "Feature", "properties": { "PROW_ID": "RC24", "TYPE": "Footpath" }, "geometry": { "type": "MultiLineString", "coordinates": [ [ [ 576814.24805959360674, 163629.921656821970828 ], [ 577202.202165042981505, 163526.494628705841023 ] ] ] } },
{ "type": "Feature", "properties": { "PROW_ID": "RC25", "TYPE": "Bridleway" }, "geometry": { "type": "MultiLineString", "coordinates": [ [ [ 577270.948183728614822, 163203.705540976894554 ], [ 577222.933170677861199, 163216.824544538976625 ] ] ] } },
{ "type": "Feature", "properties": { "PROW_ID": "RC25", "TYPE": "Bridleway" }, "geometry": { "type": "MultiLineString", "coordinates": [ [ [ 577677.791294312104583, 163093.208510934084188 ], [ 577449.065232142456807, 163193.002538060711231 ], [ 577270.948183728614822, 163203.705540976894554 ] ] ] } },
{ "type": "Feature", "properties": { "PROW_ID": "RC25", "TYPE": "Bridleway" }, "geometry": { "type": "MultiLineString", "coordinates": [ [ [ 577270.948183728614822, 163203.705540976894554 ], [ 577292.806189669761807, 163251.777554038271774 ], [ 577387.15821531554684, 163182.891535313276108 ], [ 577316.906196220428683, 163283.66156270110514 ], [ 577588.060269922483712, 163915.0577343229088 ] ] ] } },
{ "type": "Feature", "properties": { "PROW_ID": "RC25", "TYPE": "Bridleway" }, "geometry": { "type": "MultiLineString", "coordinates": [ [ [ 577270.933183724526316, 163203.669540966744535 ], [ 577270.948183728614822, 163203.705540976894554 ] ] ] } },
{ "type": "Feature", "properties": { "PROW_ID": "RC29", "TYPE": "Byway" }, "geometry": { "type": "MultiLineString", "coordinates": [ [ [ 577677.828294322127476, 163093.182510930288117 ], [ 577661.478289878228679, 163042.92549726710422 ] ] ] } },
{ "type": "Feature", "properties": { "PROW_ID": "RC29", "TYPE": "Byway" }, "geometry": { "type": "MultiLineString", "coordinates": [ [ [ 577855.388342584250495, 163320.953572842758149 ], [ 577837.686337772756815, 163264.113557395234238 ], [ 577677.828294322127476, 163093.182510930288117 ] ] ] } },
{ "type": "Feature", "properties": { "PROW_ID": "RS1", "TYPE": "Footpath" }, "geometry": { "type": "MultiLineString", "coordinates": [ [ [ 589295.314452052349225, 175480.30487785441801 ], [ 589333.444462416344322, 175451.341869983472861 ], [ 589334.894462810480036, 175146.319787074404303 ], [ 589237.314436287619174, 175072.841767100326251 ], [ 589215.412430334254168, 174917.296724825922865 ], [ 588977.929365784279071, 174507.343613397271838 ], [ 588816.327321859425865, 174362.854574122466147 ] ] ] } },
{ "type": "Feature", "properties": { "PROW_ID": "RS102", "TYPE": "Footpath" }, "geometry": { "type": "MultiLineString", "coordinates": [ [ [ 577467.686237203888595, 172686.269118412747048 ], [ 577444.528230909374543, 172673.807115025992971 ], [ 577114.519141210010275, 172874.845169671694748 ] ] ] } },
{ "type": "Feature", "properties": { "PROW_ID": "GB45", "TYPE": "Footpath" }, "geometry": { "type": "MultiLineString", "coordinates": [ [ [ 583331.771831111400388, 166209.744358042138629 ], [ 583416.911854253266938, 166362.709399613842834 ], [ 583516.130881222081371, 166326.990389902493916 ] ] ] } },
{ "type": "Feature", "properties": { "PROW_ID": "GB5", "TYPE": "Footpath" }, "geometry": { "type": "MultiLineString", "coordinates": [ [ [ 581543.336344999610446, 167354.216669116111007 ], [ 581532.32134200562723, 167017.909577708865982 ], [ 581590.267357755918056, 166690.244488641619682 ] ] ] } },
{ "type": "Feature", "properties": { "PROW_ID": "GB8", "TYPE": "Footpath" }, "geometry": { "type": "MultiLineString", "coordinates": [ [ [ 582712.501662788796239, 167040.16658375057159 ], [ 582835.784696297952905, 167105.265601446270011 ] ] ] } },
{ "type": "Feature", "properties": { "PROW_ID": "GB6", "TYPE": "Footpath" }, "geometry": { "type": "MultiLineString", "coordinates": [ [ [ 581320.845284524839371, 167094.246598450350575 ], [ 581555.26834824308753, 166886.232541910081636 ] ] ] } },
{ "type": "Feature", "properties": { "PROW_ID": "RS208A", "TYPE": "Footpath" }, "geometry": { "type": "MultiLineString", "coordinates": [ [ [ 570240.204272713745013, 167111.044603017740883 ], [ 570003.283208316424862, 166793.882516813930124 ], [ 569942.436191777698696, 166476.71943060454214 ] ] ] } },
{ "type": "Feature", "properties": { "PROW_ID": "GB1", "TYPE": "Footpath" }, "geometry": { "type": "MultiLineString", "coordinates": [ [ [ 579283.349730716319755, 169043.87112837668974 ], [ 579334.716744678560644, 169017.554121219320223 ], [ 579421.281768207321875, 168865.040079771366436 ], [ 579487.872786307474598, 168864.401079598232172 ], [ 579610.353819598676637, 168924.073095815139823 ], [ 579771.023863270063885, 168841.64107341459021 ], [ 579855.059886111994274, 168860.666078583570197 ], [ 579984.346921253134497, 168825.130068921251222 ], [ 580051.956939630093984, 168921.443095106864348 ], [ 580142.358964202343486, 168935.697098971751984 ], [ 580492.790059452177957, 168873.505082076066174 ], [ 580477.875055398442782, 168688.220031705393922 ], [ 580509.477063987869769, 168613.175011315441225 ], [ 580481.404056357336231, 168519.603985881723929 ], [ 580624.700095306732692, 168440.403964347555302 ], [ 580692.336113690515049, 168492.238978444249369 ], [ 580759.454131933860481, 168498.312980092014186 ], [ 580913.8161738908384, 168388.194950156204868 ], [ 580929.71317821147386, 168267.892917466291692 ], [ 581043.644209179095924, 168209.520901596813928 ], [ 581323.702285301522352, 167910.045820190396626 ], [ 581561.175349848461337, 167834.731799722299911 ], [ 581588.044357151491567, 167779.070784597017337 ], [ 581651.927374515449628, 167785.837786439456977 ], [ 581836.452424670802429, 167650.956749776552897 ], [ 582081.077491162228398, 167607.400737932242919 ], [ 582165.284514050348662, 167555.520723832480144 ] ] ] } },
{ "type": "Feature", "properties": { "PROW_ID": "GB6A", "TYPE": "Bridleway" }, "geometry": { "type": "MultiLineString", "coordinates": [ [ [ 581017.103201965102926, 167518.652713812305592 ], [ 581087.127220998168923, 167438.730692086275667 ], [ 581161.83124130347278, 167222.312633261608426 ], [ 581317.059283495647833, 167105.057601394073572 ] ] ] } },
{ "type": "Feature", "properties": { "PROW_ID": "GB2", "TYPE": "Byway" }, "geometry": { "type": "MultiLineString", "coordinates": [ [ [ 581588.234357203473337, 167779.127784605603665 ], [ 581446.328318632207811, 167565.678726589248981 ] ] ] } },
{ "type": "Feature", "properties": { "PROW_ID": "GB31", "TYPE": "Footpath" }, "geometry": { "type": "MultiLineString", "coordinates": [ [ [ 579061.976670545060188, 163713.545679555856623 ], [ 578878.229620601166971, 163699.061675616307184 ], [ 578712.628575589507818, 163799.806702996080276 ] ] ] } },
{ "type": "Feature", "properties": { "PROW_ID": "GB22", "TYPE": "Footpath" }, "geometry": { "type": "MultiLineString", "coordinates": [ [ [ 578182.937431614962406, 166230.971363808144815 ], [ 578352.798477784497663, 166069.866320022149011 ], [ 578619.196550194057636, 165911.004276835126802 ] ] ] } },
{ "type": "Feature", "properties": { "PROW_ID": "RC13B", "TYPE": "Bridleway" }, "geometry": { "type": "MultiLineString", "coordinates": [ [ [ 578179.729430743143894, 164719.396952948300168 ], [ 578411.271493677981198, 164863.975992249848787 ] ] ] } },
{ "type": "Feature", "properties": { "PROW_ID": "GB28", "TYPE": "Restricted Byway" }, "geometry": { "type": "MultiLineString", "coordinates": [ [ [ 579500.049789616954513, 164872.066994452150539 ], [ 579502.045790159609169, 164737.075957758992445 ], [ 579549.050802936078981, 164666.075938456750009 ], [ 579525.048796412185766, 164399.072865883645136 ], [ 579551.483803597046062, 163862.821720129344612 ], [ 579490.717787080444396, 163471.036613640200812 ], [ 579514.18879346025642, 163336.032576940837316 ], [ 579627.031824131729081, 163214.435543889645487 ] ] ] } },
{ "type": "Feature", "properties": { "PROW_ID": "GB44", "TYPE": "Restricted Byway" }, "geometry": { "type": "MultiLineString", "coordinates": [ [ [ 582172.159515919163823, 167545.632721141038928 ], [ 582046.770481837214902, 167315.591658620222006 ] ] ] } },
{ "type": "Feature", "properties": { "PROW_ID": "RS2b", "TYPE": "Footpath" }, "geometry": { "type": "MultiLineString", "coordinates": [ [ [ 588959.970360902836546, 176919.089268930256367 ], [ 589022.636377935879864, 176834.412245917425025 ] ] ] } },
{ "type": "Feature", "properties": { "PROW_ID": "RS2b", "TYPE": "Footpath" }, "geometry": { "type": "MultiLineString", "coordinates": [ [ [ 588902.872345383279026, 176948.221276844851673 ], [ 588975.766365196206607, 176918.18326868803706 ], [ 588989.490368926664814, 176962.334280685230624 ] ] ] } },
{ "type": "Feature", "properties": { "PROW_ID": "RS359a", "TYPE": "Footpath" }, "geometry": { "type": "MultiLineString", "coordinates": [ [ [ 588954.168359325849451, 176547.481167923659086 ], [ 589025.133378614787944, 176517.9161598875653 ], [ 589099.857398925232701, 176544.772167191375047 ], [ 589214.87243018753361, 176471.24114719562931 ], [ 589192.491424104198813, 176441.378139079897664 ], [ 589031.477380339405499, 176441.690139163460117 ] ] ] } },
{ "type": "Feature", "properties": { "PROW_ID": "RS2C", "TYPE": "Bridleway" }, "geometry": { "type": "MultiLineString", "coordinates": [ [ [ 588948.437357768067159, 176742.154220838681795 ], [ 588972.399364281212911, 176729.220217321184464 ], [ 588976.639365433715284, 176520.834160680475179 ] ] ] } },
{ "type": "Feature", "properties": { "PROW_ID": "RS359b", "TYPE": "Footpath" }, "geometry": { "type": "MultiLineString", "coordinates": [ [ [ 589133.165407978813164, 176433.321136889979243 ], [ 589142.321410467266105, 176304.781101958127692 ], [ 589091.417396631441079, 176279.879095187294297 ] ] ] } },
{ "type": "Feature", "properties": { "PROW_ID": "GB36", "TYPE": "Footpath" }, "geometry": { "type": "MultiLineString", "coordinates": [ [ [ 581879.601436399156228, 163069.346504457993433 ], [ 581924.926448719343171, 162928.03746603988111 ], [ 581981.282464037416503, 162862.155448131961748 ] ] ] } },
{ "type": "Feature", "properties": { "PROW_ID": "GB36", "TYPE": "Footpath" }, "geometry": { "type": "MultiLineString", "coordinates": [ [ [ 582156.742511728778481, 163545.292633817647584 ], [ 582037.776479392778128, 163519.849626902665477 ], [ 581876.780435632681474, 163299.368566977384035 ], [ 581898.83744162786752, 163078.694506993924733 ] ] ] } },
{ "type": "Feature", "properties": { "PROW_ID": "RS98", "TYPE": "Footpath" }, "geometry": { "type": "MultiLineString", "coordinates": [ [ [ 578450.485504336771555, 172818.358154321787879 ], [ 578239.931447106529959, 172618.15209989954019 ] ] ] } },
{ "type": "Feature", "properties": { "PROW_ID": "RS98", "TYPE": "Footpath" }, "geometry": { "type": "MultiLineString", "coordinates": [ [ [ 578388.03348736197222, 172886.084172721719369 ], [ 578722.281578213209286, 173100.330230961320922 ], [ 578983.034649088396691, 173340.898296345956624 ] ] ] } },
{ "type": "Feature", "properties": { "PROW_ID": "RS94", "TYPE": "Footpath" }, "geometry": { "type": "MultiLineString", "coordinates": [ [ [ 579005.09765508538112, 172788.033146071829833 ], [ 579557.262805168051273, 172585.852091123873834 ] ] ] } },
{ "type": "Feature", "properties": { "PROW_ID": "RS94", "TYPE": "Footpath" }, "geometry": { "type": "MultiLineString", "coordinates": [ [ [ 579028.242661376018077, 173240.001268925552722 ], [ 579001.257654041284695, 172877.503170391428284 ], [ 579032.148662437684834, 172806.561151112604421 ] ] ] } },
{ "type": "Feature", "properties": { "PROW_ID": "RS48", "TYPE": "Footpath" }, "geometry": { "type": "MultiLineString", "coordinates": [ [ [ 579840.22188207868021, 174945.961732620780822 ], [ 580057.937941255746409, 174733.751674939936493 ], [ 580364.551024595974013, 174686.753662159550004 ], [ 580790.002140237134881, 174490.634608852502424 ] ] ] } },
{ "type": "Feature", "properties": { "PROW_ID": "RS33", "TYPE": "Footpath" }, "geometry": { "type": "MultiLineString", "coordinates": [ [ [ 583346.449835100909695, 175208.705804033845197 ], [ 583381.884844732354395, 175056.892762774368748 ], [ 583555.363891885615885, 175120.931780177401379 ], [ 583648.198917118948884, 175123.357780834659934 ], [ 583683.743926780531183, 175021.827753235062119 ], [ 583896.590984633890912, 174988.373744148761034 ], [ 583912.480988952913322, 175046.91776006022701 ], [ 583980.642007479909807, 175103.787775509117637 ], [ 584231.369075629510917, 175221.348807467671577 ], [ 584345.481106646126136, 175333.155837857921142 ], [ 584446.914134216262028, 175295.502827629214153 ], [ 584469.583140378235839, 175356.592844224593136 ], [ 584504.162149776704609, 175364.276846322638448 ], [ 584500.171148692024872, 175417.542860800458584 ], [ 584587.921172543312423, 175574.922903575352393 ], [ 584678.212197085143998, 175611.519913521711715 ], [ 584797.319229459622875, 175609.598912992107216 ], [ 584941.016268517705612, 175555.424898268654943 ], [ 585139.472322459565476, 175396.738855142553803 ], [ 585211.970342165092006, 175258.361817531869747 ], [ 585144.333323781029321, 175040.959758433804382 ], [ 585214.095342742744833, 175006.673749121837318 ], [ 585415.270397423999384, 175086.966770937026013 ], [ 585535.54643011582084, 175234.30881099315593 ], [ 585631.473456189734861, 175282.422824064968154 ], [ 585640.74745871045161, 175403.894857084203977 ], [ 585681.390469757374376, 175479.080877523403615 ], [ 585633.73945680540055, 175524.091889760515187 ], [ 585630.861456023063511, 175572.530902924831025 ] ] ] } },
{ "type": "Feature", "properties": { "PROW_ID": "RS48", "TYPE": "Footpath" }, "geometry": { "type": "MultiLineString", "coordinates": [ [ [ 579607.234818750876002, 175269.54582057450898 ], [ 579864.440888661658391, 174980.051741886010859 ] ] ] } },
{ "type": "Feature", "properties": { "PROW_ID": "RS33", "TYPE": "Footpath" }, "geometry": { "type": "MultiLineString", "coordinates": [ [ [ 583324.680829183897004, 175290.339826223964337 ], [ 583346.449835100909695, 175208.705804033845197 ] ] ] } },
{ "type": "Feature", "properties": { "PROW_ID": "RS44", "TYPE": "Footpath" }, "geometry": { "type": "MultiLineString", "coordinates": [ [ [ 579186.092704280978069, 174527.583618897246197 ], [ 579075.356674182112329, 174581.119633448193781 ], [ 579049.127667052787729, 174957.086735640827101 ], [ 579093.559679129859433, 175105.508775983878877 ], [ 579078.649675077293068, 175294.312827297137119 ], [ 579104.544682115665637, 175370.030847883957904 ], [ 578548.590531002962962, 175440.990867164975498 ], [ 578336.539473365643062, 175401.30785638128873 ], [ 578169.707428019028157, 175418.804861140029971 ] ] ] } },
{ "type": "Feature", "properties": { "PROW_ID": "RS33", "TYPE": "Footpath" }, "geometry": { "type": "MultiLineString", "coordinates": [ [ [ 583346.449835100909695, 175208.705804033845197 ], [ 583233.696804453851655, 175211.967804913641885 ], [ 583169.327786957845092, 175125.052781295031309 ], [ 583012.765744402771816, 175039.47175803699065 ], [ 582782.023681685444899, 174827.447700399323367 ], [ 582697.824658799218014, 174727.33967319491785 ], [ 582624.161638776771724, 174462.294601155852433 ], [ 582560.868621573667042, 174400.426584330154583 ], [ 582182.865518829319626, 174227.631537363980897 ], [ 582107.229498270666227, 174238.762540392111987 ], [ 582118.731501396745443, 174102.2405032896786 ], [ 582059.788485375931486, 173999.625475390057545 ] ] ] } },
{ "type": "Feature", "properties": { "PROW_ID": "RS32", "TYPE": "Footpath" }, "geometry": { "type": "MultiLineString", "coordinates": [ [ [ 582128.296503996709362, 175159.985790791513864 ], [ 581963.972459332086146, 174908.574722453486174 ], [ 581650.533374136895873, 174533.217620426847134 ] ] ] } },
{ "type": "Feature", "properties": { "PROW_ID": "RS32", "TYPE": "Footpath" }, "geometry": { "type": "MultiLineString", "coordinates": [ [ [ 582128.339504008181393, 175160.0067907985067 ], [ 582128.296503996709362, 175159.985790791513864 ] ] ] } },
{ "type": "Feature", "properties": { "PROW_ID": "RS32", "TYPE": "Footpath" }, "geometry": { "type": "MultiLineString", "coordinates": [ [ [ 582128.296503996709362, 175159.985790791513864 ], [ 582226.595530715188943, 175157.038789988029748 ] ] ] } },
{ "type": "Feature", "properties": { "PROW_ID": "RS24", "TYPE": "Footpath" }, "geometry": { "type": "MultiLineString", "coordinates": [ [ [ 580132.188961437786929, 176527.715162553591654 ], [ 579594.818815376143903, 176317.701105468149763 ], [ 578982.209648864110932, 176219.91307888267329 ] ] ] } },
{ "type": "Feature", "properties": { "PROW_ID": "RS32", "TYPE": "Footpath" }, "geometry": { "type": "MultiLineString", "coordinates": [ [ [ 580077.019946442567743, 175395.278854747244623 ], [ 580600.07708861422725, 175132.738783378794324 ], [ 581138.636234998819418, 175193.228799827280454 ], [ 581564.774350826744922, 175167.470792821899522 ], [ 581601.116360704880208, 175260.653818149236031 ], [ 582128.296503996709362, 175159.985790791513864 ] ] ] } },
{ "type": "Feature", "properties": { "PROW_ID": "RS32", "TYPE": "Footpath" }, "geometry": { "type": "MultiLineString", "coordinates": [ [ [ 581546.547345872386359, 174602.222639187064487 ], [ 581280.937273677322082, 174369.791576012037694 ], [ 581201.565252103144303, 174219.544535175547935 ] ] ] } },
{ "type": "Feature", "properties": { "PROW_ID": "RS26", "TYPE": "Footpath" }, "geometry": { "type": "MultiLineString", "coordinates": [ [ [ 580076.912946413387544, 175395.372854772256687 ], [ 580054.511940324795432, 175204.645802925981116 ], [ 580324.491013707360253, 175050.393761000246741 ], [ 580615.276092745130882, 174942.646731717220973 ], [ 580874.118163100676611, 174933.756729296059348 ], [ 581281.802273912471719, 174823.125699231866747 ], [ 581735.629397266427986, 174471.660603698226623 ], [ 581879.841436464688741, 174403.341585123969708 ] ] ] } },
{ "type": "Feature", "properties": { "PROW_ID": "RS26", "TYPE": "Footpath" }, "geometry": { "type": "MultiLineString", "coordinates": [ [ [ 580072.481945209205151, 175569.244902027712669 ], [ 580112.017955955350772, 175501.708883675571997 ], [ 580105.777954259421676, 175410.137858783418778 ] ] ] } },
{ "type": "Feature", "properties": { "PROW_ID": "RS24", "TYPE": "Footpath" }, "geometry": { "type": "MultiLineString", "coordinates": [ [ [ 580284.069002720527351, 176602.868182972539216 ], [ 580132.188961437786929, 176527.715162553591654 ] ] ] } },
{ "type": "Feature", "properties": { "PROW_ID": "RS24", "TYPE": "Footpath" }, "geometry": { "type": "MultiLineString", "coordinates": [ [ [ 580300.963007312151603, 176070.695038330450188 ], [ 580132.188961437786929, 176527.715162553591654 ] ] ] } },
{ "type": "Feature", "properties": { "PROW_ID": "GB10", "TYPE": "Footpath" }, "geometry": { "type": "MultiLineString", "coordinates": [ [ [ 581255.787266841391101, 165267.167101835657377 ], [ 581313.06028240872547, 165270.983102879836224 ], [ 581352.710293185780756, 165333.583119891758543 ] ] ] } },
{ "type": "Feature", "properties": { "PROW_ID": "GB10", "TYPE": "Footpath" }, "geometry": { "type": "MultiLineString", "coordinates": [ [ [ 581560.349349623778835, 165527.761172674188856 ], [ 581384.212301748106256, 165330.294118999736384 ] ] ] } },
{ "type": "Feature", "properties": { "PROW_ID": "GB10", "TYPE": "Footpath" }, "geometry": { "type": "MultiLineString", "coordinates": [ [ [ 581771.367406980134547, 165884.332269593083765 ], [ 581685.416383618139662, 165655.586207412939984 ], [ 581571.527352662174962, 165539.298175805190112 ] ] ] } },
{ "type": "Feature", "properties": { "PROW_ID": "GB7", "TYPE": "Footpath" }, "geometry": { "type": "MultiLineString", "coordinates": [ [ [ 581392.510304003604688, 166356.820398021314759 ], [ 581464.94532369216904, 166271.858374923642259 ], [ 581626.726367665571161, 166205.43935687415069 ] ] ] } },
{ "type": "Feature", "properties": { "PROW_ID": "GB24A", "TYPE": "Bridleway" }, "geometry": { "type": "MultiLineString", "coordinates": [ [ [ 578659.083561035688035, 165853.68126125348499 ], [ 578767.425590483820997, 165799.569246551021934 ] ] ] } },
{ "type": "Feature", "properties": { "PROW_ID": "GB7", "TYPE": "Footpath" }, "geometry": { "type": "MultiLineString", "coordinates": [ [ [ 581638.193370782304555, 166203.43035632756073 ], [ 581680.872382383095101, 166189.561352554359473 ], [ 581690.416384977288544, 166116.961332816747017 ] ] ] } },
{ "type": "Feature", "properties": { "PROW_ID": "GB4", "TYPE": "Footpath" }, "geometry": { "type": "MultiLineString", "coordinates": [ [ [ 579133.781690062489361, 164207.342813768889755 ], [ 579250.428721768083051, 164198.683811415219679 ] ] ] } },
{ "type": "Feature", "properties": { "PROW_ID": "GB29", "TYPE": "Footpath" }, "geometry": { "type": "MultiLineString", "coordinates": [ [ [ 579266.109726030146703, 164190.314809143193997 ], [ 579541.647800924023613, 164248.835825045011006 ] ] ] } },
{ "type": "Feature", "properties": { "PROW_ID": "GB37", "TYPE": "Footpath" }, "geometry": { "type": "MultiLineString", "coordinates": [ [ [ 581918.362446934916079, 164047.294770269363653 ], [ 581999.421468967571855, 163691.824673642986454 ], [ 582131.581504889531061, 163592.539646662829909 ], [ 582172.430515993037261, 163596.394647707697004 ] ] ] } },
{ "type": "Feature", "properties": { "PROW_ID": "GB37", "TYPE": "Footpath" }, "geometry": { "type": "MultiLineString", "coordinates": [ [ [ 581344.774291028967127, 164319.242844180727843 ], [ 581712.025390850729309, 164232.681820661004167 ], [ 581772.355407249182463, 164152.271798795554787 ], [ 581916.636446466203779, 164061.990774256526493 ] ] ] } },
{ "type": "Feature", "properties": { "PROW_ID": "GB32", "TYPE": "Footpath" }, "geometry": { "type": "MultiLineString", "coordinates": [ [ [ 579309.679737873142585, 164336.004848735814448 ], [ 579402.891763208783232, 164080.752779361733701 ], [ 579402.318763052928261, 163833.399712130310945 ], [ 579339.102745870361105, 163649.704662202857435 ], [ 579171.506700316444039, 163477.917615507612936 ], [ 579142.929692548932508, 163365.494584948290139 ], [ 579273.565728056593798, 163172.051532375218812 ], [ 579323.122741526807658, 163160.253529166104272 ], [ 579277.904729236382991, 163064.98550326860277 ], [ 579485.60078568989411, 162995.245484311773907 ], [ 579513.054793152026832, 162955.241473440197296 ] ] ] } },
{ "type": "Feature", "properties": { "PROW_ID": "GB17", "TYPE": "Footpath" }, "geometry": { "type": "MultiLineString", "coordinates": [ [ [ 580202.25298048206605, 164812.74797831941396 ], [ 580189.718977074837312, 164695.443946446292102 ] ], [ [ 580213.845983632840216, 164932.611010908090975 ], [ 580203.751980889355764, 164827.586982353532221 ] ], [ [ 580224.409986504586414, 165041.628040530136786 ], [ 580215.35098404227756, 164948.208015137119219 ] ] ] } },
{ "type": "Feature", "properties": { "PROW_ID": "GB12", "TYPE": "Footpath" }, "geometry": { "type": "MultiLineString", "coordinates": [ [ [ 582353.758565279422328, 165723.641225910105277 ], [ 582313.631554372608662, 165518.218170071719214 ], [ 582462.173594747320749, 165441.057149103959091 ] ] ] } },
{ "type": "Feature", "properties": { "PROW_ID": "GB12", "TYPE": "Footpath" }, "geometry": { "type": "MultiLineString", "coordinates": [ [ [ 582477.367598877288401, 165434.88114742108155 ], [ 582741.388670640299097, 165301.456111158011481 ] ] ] } },
{ "type": "Feature", "properties": { "PROW_ID": "RS362", "TYPE": "Footpath" }, "geometry": { "type": "MultiLineString", "coordinates": [ [ [ 570262.821278861258179, 163957.242745792376809 ], [ 570361.467305674101226, 163721.007681576535106 ] ] ] } },
{ "type": "Feature", "properties": { "PROW_ID": "GB41", "TYPE": "Footpath" }, "geometry": { "type": "MultiLineString", "coordinates": [ [ [ 580227.25298727711197, 163779.301697424729355 ], [ 580193.60897813225165, 163894.94972886017058 ] ] ] } },
{ "type": "Feature", "properties": { "PROW_ID": "RC27", "TYPE": "Footpath" }, "geometry": { "type": "MultiLineString", "coordinates": [ [ [ 578088.352405906072818, 163200.824540184868965 ], [ 578158.751425041002221, 163024.825492351723369 ], [ 578070.237400982179679, 162892.841456476133317 ] ] ] } },
{ "type": "Feature", "properties": { "PROW_ID": "RC28", "TYPE": "Footpath" }, "geometry": { "type": "MultiLineString", "coordinates": [ [ [ 578133.86341827630531, 162859.848447506432422 ], [ 578170.129428133368492, 162778.426425382378511 ] ] ] } },
{ "type": "Feature", "properties": { "PROW_ID": "GB3", "TYPE": "Footpath" }, "geometry": { "type": "MultiLineString", "coordinates": [ [ [ 580552.074075566139072, 164841.353986102913041 ], [ 580611.329091672319919, 164810.094977599335834 ] ] ] } },
{ "type": "Feature", "properties": { "PROW_ID": "GB25", "TYPE": "Footpath" }, "geometry": { "type": "MultiLineString", "coordinates": [ [ [ 579126.639688121154904, 165303.65811175579438 ], [ 579204.695709337480366, 165107.670058485178743 ], [ 579195.614706869237125, 165014.857033257721923 ] ] ] } },
{ "type": "Feature", "properties": { "PROW_ID": "GB24", "TYPE": "Footpath" }, "geometry": { "type": "MultiLineString", "coordinates": [ [ [ 578767.425590483820997, 165799.569246551021934 ], [ 579217.656712860334665, 165570.391184259264264 ], [ 579379.046756727388129, 165526.995172467781231 ], [ 579538.474800061434507, 165403.434138873766642 ] ] ] } },
{ "type": "Feature", "properties": { "PROW_ID": "RS22", "TYPE": "Footpath" }, "geometry": { "type": "MultiLineString", "coordinates": [ [ [ 579593.654815059853718, 178790.486777593090665 ], [ 579654.426831578137353, 178525.367705532466061 ], [ 579586.156813021749258, 178189.561614257341716 ], [ 579620.839822449255735, 178002.755563475249801 ], [ 579607.291818766505457, 177900.408535659546033 ], [ 579695.42984272306785, 177778.982502660306636 ], [ 579736.570853905752301, 177574.225447001575958 ], [ 579771.955863523762673, 177581.519448979990557 ], [ 579830.112879331107251, 177213.902349064999726 ], [ 579957.175913867889903, 176978.305285028007347 ], [ 580075.472946021938697, 176926.910271057276987 ], [ 580143.941964632482268, 176677.072203148796689 ] ] ] } },
{ "type": "Feature", "properties": { "PROW_ID": "GB26", "TYPE": "Footpath" }, "geometry": { "type": "MultiLineString", "coordinates": [ [ [ 578528.098525432869792, 164811.171977891470306 ], [ 578642.592556552961469, 164880.817996828176547 ], [ 578714.527576105669141, 164982.009024332743138 ] ] ] } },
{ "type": "Feature", "properties": { "PROW_ID": "RC33", "TYPE": "Footpath" }, "geometry": { "type": "MultiLineString", "coordinates": [ [ [ 578477.098511570249684, 164784.721970710437745 ], [ 578528.098525432869792, 164811.171977891470306 ] ] ] } },
{ "type": "Feature", "properties": { "PROW_ID": "GB42", "TYPE": "Footpath" }, "geometry": { "type": "MultiLineString", "coordinates": [ [ [ 580908.231172372587025, 163498.888621208665427 ], [ 581015.188201444339938, 163402.139594911714084 ] ] ] } },
{ "type": "Feature", "properties": { "PROW_ID": "GB34", "TYPE": "Footpath" }, "geometry": { "type": "MultiLineString", "coordinates": [ [ [ 580959.427186288288794, 164674.286940685764421 ], [ 581307.390280867461115, 164451.092880024283659 ] ] ] } },
{ "type": "Feature", "properties": { "PROW_ID": "GB9", "TYPE": "Footpath" }, "geometry": { "type": "MultiLineString", "coordinates": [ [ [ 582431.491586407762952, 166278.205376644327771 ], [ 582578.50662636756897, 166343.460394387482665 ], [ 582658.047647987608798, 166444.066421729163267 ] ] ] } },
{ "type": "Feature", "properties": { "PROW_ID": "GB43", "TYPE": "Footpath" }, "geometry": { "type": "MultiLineString", "coordinates": [ [ [ 582849.52570003294386, 166358.636398509028368 ], [ 582874.35170678072609, 166428.102417395100929 ] ] ] } },
{ "type": "Feature", "properties": { "PROW_ID": "GB38", "TYPE": "Footpath" }, "geometry": { "type": "MultiLineString", "coordinates": [ [ [ 578316.456467906595208, 168374.326946394343395 ], [ 578811.934602581895888, 168201.011899283970706 ] ] ] } },
{ "type": "Feature", "properties": { "PROW_ID": "GB50", "TYPE": "Footpath" }, "geometry": { "type": "MultiLineString", "coordinates": [ [ [ 580331.003015477210283, 166697.673490664048586 ], [ 580113.505956359906122, 166396.577408817363903 ] ] ] } },
{ "type": "Feature", "properties": { "PROW_ID": "GB40", "TYPE": "Footpath" }, "geometry": { "type": "MultiLineString", "coordinates": [ [ [ 579634.622826195321977, 163206.332541683979798 ], [ 579731.753852596390061, 163077.468506657402031 ], [ 579850.529884880408645, 162800.555431399377994 ] ] ] } },
{ "type": "Feature", "properties": { "PROW_ID": "GB13", "TYPE": "Footpath" }, "geometry": { "type": "MultiLineString", "coordinates": [ [ [ 582862.793703639414161, 165592.145190168288536 ], [ 582562.583622039761394, 164928.392009755130857 ], [ 582494.38560350285843, 164962.238018960226327 ], [ 582354.308565428829752, 164657.411936101329047 ], [ 582039.985479993280023, 164276.893832670059055 ] ] ] } },
{ "type": "Feature", "properties": { "PROW_ID": "GB16", "TYPE": "Footpath" }, "geometry": { "type": "MultiLineString", "coordinates": [ [ [ 581727.345395014854148, 165168.183074933476746 ], [ 581727.047394933993928, 165021.154034965031315 ], [ 581787.844411459285766, 164823.178981156903319 ], [ 582027.822476687142625, 164684.832943554560188 ], [ 581877.935435946448706, 164524.156899884692393 ] ] ] } },
{ "type": "Feature", "properties": { "PROW_ID": "RS92", "TYPE": "Footpath" }, "geometry": { "type": "MultiLineString", "coordinates": [ [ [ 580265.486997669562697, 172414.375044509535655 ], [ 580369.95102606411092, 172230.114994422008749 ], [ 580140.403963671065867, 171999.847931835451163 ], [ 580046.405938121606596, 171972.687924453173764 ], [ 579917.55590309901163, 172223.535992637393065 ] ] ] } },
{ "type": "Feature", "properties": { "PROW_ID": "RS91", "TYPE": "Footpath" }, "geometry": { "type": "MultiLineString", "coordinates": [ [ [ 579912.332901679212227, 172872.670169080491178 ], [ 579849.585884624044411, 173067.796222117671277 ], [ 579777.999865166610107, 173167.191249128140043 ], [ 579771.089863288216293, 173257.028273551375605 ] ] ] } },
{ "type": "Feature", "properties": { "PROW_ID": "RS95", "TYPE": "Footpath" }, "geometry": { "type": "MultiLineString", "coordinates": [ [ [ 580030.002933662966825, 172671.865114499232732 ], [ 579839.903881992329843, 172587.950091693783179 ], [ 579636.558826721506193, 172628.511102713935543 ], [ 579517.965794487157837, 172564.581085334823001 ], [ 579138.444691329845227, 172312.290016764716711 ], [ 579096.79168000840582, 172125.007965854310896 ] ] ] } },
{ "type": "Feature", "properties": { "PROW_ID": "RS47", "TYPE": "Footpath" }, "geometry": { "type": "MultiLineString", "coordinates": [ [ [ 579057.979669458931312, 174398.166583717509639 ], [ 578881.182621403830126, 174658.599654513876885 ], [ 578407.975492782425135, 175033.943756530818064 ], [ 578299.459463286912069, 175079.986769043491222 ], [ 578310.773466362035833, 175124.168781051179394 ] ] ] } },
{ "type": "Feature", "properties": { "PROW_ID": "RS8", "TYPE": "Footpath" }, "geometry": { "type": "MultiLineString", "coordinates": [ [ [ 584206.84206896298565, 178628.899733666446991 ], [ 584177.325060939881951, 178559.930714925518259 ], [ 584056.397028070641682, 178510.929701605171431 ], [ 584050.353026427794248, 178313.583647962310351 ] ] ] } },
{ "type": "Feature", "properties": { "PROW_ID": "RS36", "TYPE": "Footpath" }, "geometry": { "type": "MultiLineString", "coordinates": [ [ [ 582665.724650074029341, 175336.687838822836056 ], [ 582983.638736486085691, 175443.700867903593462 ] ] ] } },
{ "type": "Feature", "properties": { "PROW_ID": "RS35", "TYPE": "Footpath" }, "geometry": { "type": "MultiLineString", "coordinates": [ [ [ 582395.880576728144661, 175118.411779493675567 ], [ 582665.725650074309669, 175336.66683881659992 ], [ 582776.01368005189579, 175473.342875957430806 ], [ 582821.259692349820398, 175656.607925778022036 ], [ 582932.848722680821083, 175729.206945511512458 ], [ 583001.325741293490864, 175820.142970224551391 ] ] ] } },
{ "type": "Feature", "properties": { "PROW_ID": "RS351B", "TYPE": "Footpath" }, "geometry": { "type": "MultiLineString", "coordinates": [ [ [ 579096.792680008686148, 172125.005965855147224 ], [ 579312.521738645620644, 172159.002975095296279 ] ] ] } },
{ "type": "Feature", "properties": { "PROW_ID": "RS349", "TYPE": "Byway" }, "geometry": { "type": "MultiLineString", "coordinates": [ [ [ 579532.825798526173458, 174994.439745788637083 ], [ 579687.099840458948165, 174828.962700817501172 ] ] ] } },
{ "type": "Feature", "properties": { "PROW_ID": "RS359", "TYPE": "Bridleway" }, "geometry": { "type": "MultiLineString", "coordinates": [ [ [ 588953.469359136070125, 176548.495168192719575 ], [ 589048.092384854913689, 176406.224129533628002 ], [ 589109.500401546363719, 176207.331075469206553 ], [ 589016.843376361532137, 176206.189075155649334 ] ] ] } },
{ "type": "Feature", "properties": { "PROW_ID": "RS361", "TYPE": "Footpath" }, "geometry": { "type": "MultiLineString", "coordinates": [ [ [ 589139.395409672171809, 175580.543905101658311 ], [ 589186.582422497915104, 175543.927895151718985 ], [ 589298.413452894776128, 175534.739892646670341 ] ] ] } },
{ "type": "Feature", "properties": { "PROW_ID": "RS360", "TYPE": "Bridleway" }, "geometry": { "type": "MultiLineString", "coordinates": [ [ [ 589121.256404741550796, 175862.069981627049856 ], [ 589018.290376754943281, 175928.843999769014772 ], [ 588911.307347675785422, 175760.827954106382094 ], [ 588802.950318223563954, 175858.798980730935 ], [ 588819.914322834578343, 175885.802988070005085 ], [ 588766.599308343138546, 175905.879993526556063 ] ] ] } },
{ "type": "Feature", "properties": { "PROW_ID": "RS358", "TYPE": "Bridleway" }, "geometry": { "type": "MultiLineString", "coordinates": [ [ [ 589115.048403054475784, 175153.328788981423713 ], [ 589148.282412087894045, 175774.412957794673275 ], [ 589005.484373274142854, 176207.862075607699808 ] ] ] } },
{ "type": "Feature", "properties": { "PROW_ID": "RS2", "TYPE": "Bridleway" }, "geometry": { "type": "MultiLineString", "coordinates": [ [ [ 588934.054353858809918, 176612.393185564258602 ], [ 588958.820360590354539, 176473.560147827374749 ], [ 588905.568346116109751, 176270.9090927442885 ] ] ] } },
{ "type": "Feature", "properties": { "PROW_ID": "RS2A", "TYPE": "Bridleway" }, "geometry": { "type": "MultiLineString", "coordinates": [ [ [ 589075.199392223265022, 176913.5512674212805 ], [ 588953.721359204500914, 176757.196224922488909 ], [ 588933.659353751456365, 176612.283185534004588 ] ] ] } },
{ "type": "Feature", "properties": { "PROW_ID": "RS16", "TYPE": "Footpath" }, "geometry": { "type": "MultiLineString", "coordinates": [ [ [ 581409.953308745054528, 176861.175253188295756 ], [ 581162.346241443301551, 176756.200224657019135 ], [ 581094.409222977468744, 176952.007277878466994 ], [ 581049.137210672255605, 176974.270283924706746 ] ] ] } },
{ "type": "Feature", "properties": { "PROW_ID": "RS14", "TYPE": "Footpath" }, "geometry": { "type": "MultiLineString", "coordinates": [ [ [ 580665.828106485423632, 176781.263231468619779 ], [ 580925.644177105743438, 176876.493257351161446 ], [ 580973.31819006416481, 176940.505274746974465 ], [ 581048.461210488574579, 176974.060283867700491 ], [ 581097.895223925239407, 177121.7153240016778 ], [ 581082.052219618810341, 177197.865344700112473 ], [ 581176.62424532417208, 177269.196364088798873 ], [ 581161.202241132385097, 177356.603387852257583 ], [ 581481.464328182395548, 177718.392486188618932 ], [ 581453.960320706712082, 177801.74550883739721 ] ] ] } },
{ "type": "Feature", "properties": { "PROW_ID": "RS108", "TYPE": "Bridleway" }, "geometry": { "type": "MultiLineString", "coordinates": [ [ [ 581203.131252529215999, 174209.847532531188335 ], [ 581140.238235434517264, 174092.539500644197688 ], [ 580957.729185826843604, 173888.626445220841561 ], [ 580905.22917155676987, 173646.924379529838916 ], [ 580750.544129512272775, 173320.841290890821256 ], [ 580681.195110662607476, 173320.432290778902825 ], [ 580605.046089964569546, 173185.073253993468825 ] ] ] } },
{ "type": "Feature", "properties": { "PROW_ID": "RS338", "TYPE": "Footpath" }, "geometry": { "type": "MultiLineString", "coordinates": [ [ [ 580267.879998320015147, 172128.30896675249096 ], [ 580318.725012139882892, 172039.084942505636718 ], [ 580528.899069267208688, 171937.012914757768158 ], [ 580571.302080792491324, 171868.078896025661379 ], [ 580645.158100867411122, 171827.814885076659266 ], [ 580626.709095852915198, 171777.124871296866331 ] ] ] } },
{ "type": "Feature", "properties": { "PROW_ID": "RS10", "TYPE": "Footpath" }, "geometry": { "type": "MultiLineString", "coordinates": [ [ [ 585990.741553841391578, 177469.02341841039015 ], [ 585640.760458713630214, 177392.90339771960862 ], [ 585475.55941381060984, 177427.466407112020534 ], [ 584854.088244889513589, 177437.95040996192256 ], [ 584762.935220113722607, 177489.118423866282683 ], [ 584663.180192999541759, 177499.2264266096754 ], [ 584501.942149173468351, 177403.830400688922964 ], [ 584349.379107705899514, 177486.293423096416518 ] ] ] } },
{ "type": "Feature", "properties": { "PROW_ID": "RS342", "TYPE": "Footpath" }, "geometry": { "type": "MultiLineString", "coordinates": [ [ [ 585469.541412174934521, 176837.230246683524456 ], [ 585335.172375652357005, 177028.488298666896299 ], [ 585351.742380156530999, 177140.428329087793827 ], [ 585419.336398529121652, 177177.129339062026702 ], [ 585576.273441185825504, 177161.453334804740734 ], [ 585650.31446131085977, 177215.840349587087985 ], [ 585810.236504778731614, 177224.341351904789917 ], [ 586009.231558867613785, 177143.640329959860537 ], [ 586091.616581260226667, 176953.264278218382969 ], [ 586241.28362194087822, 176817.901241428335197 ], [ 586396.418664108379744, 176881.861258804507088 ], [ 586480.790687041240744, 176961.339280410553329 ], [ 586508.612694603623822, 177014.421294836560264 ], [ 586505.836693848716095, 177204.60434653685661 ], [ 586461.217681720969267, 177267.195363550097682 ], [ 586349.136651256587356, 177349.647385953401681 ], [ 586059.360572493169457, 177477.452420691493899 ], [ 585990.71255383384414, 177468.571418281760998 ], [ 586012.402559729176573, 177518.061431739362888 ] ] ] } },
{ "type": "Feature", "properties": { "PROW_ID": "RS12", "TYPE": "Footpath" }, "geometry": { "type": "MultiLineString", "coordinates": [ [ [ 583333.795831661554985, 178489.274695720814634 ], [ 583431.779858294292353, 178339.466655003256164 ], [ 583499.171876612002961, 178357.866660004481673 ], [ 583565.098894531838596, 177684.267476906068623 ] ] ] } },
{ "type": "Feature", "properties": { "PROW_ID": "RS23", "TYPE": "Footpath" }, "geometry": { "type": "MultiLineString", "coordinates": [ [ [ 581139.909235344850458, 176346.997113429591991 ], [ 580992.173195188632235, 176284.071096329484135 ], [ 580479.514055843697861, 176534.158164304855745 ] ] ] } },
{ "type": "Feature", "properties": { "PROW_ID": "RS38", "TYPE": "Footpath" }, "geometry": { "type": "MultiLineString", "coordinates": [ [ [ 578630.203553186031058, 177004.013292007322889 ], [ 578665.057562659261748, 177029.905299051839393 ], [ 578915.600630759028718, 176578.961176480632275 ], [ 578970.975645810714923, 176222.302079533401411 ] ] ] } },
{ "type": "Feature", "properties": { "PROW_ID": "RS43", "TYPE": "Footpath" }, "geometry": { "type": "MultiLineString", "coordinates": [ [ [ 578541.497529074549675, 175646.854923129256349 ], [ 578544.996530025615357, 175675.216930837021209 ], [ 578697.232571404892951, 175738.409948009764776 ], [ 579050.478667420218699, 175776.705958414822817 ] ] ] } },
{ "type": "Feature", "properties": { "PROW_ID": "RS96", "TYPE": "Footpath" }, "geometry": { "type": "MultiLineString", "coordinates": [ [ [ 578561.170534421806224, 172455.60005571867805 ], [ 578904.189627657528035, 172075.65695243969094 ] ] ] } },
{ "type": "Feature", "properties": { "PROW_ID": "RS49", "TYPE": "Footpath" }, "geometry": { "type": "MultiLineString", "coordinates": [ [ [ 578578.310539080877788, 171433.435777882230468 ], [ 578635.059554505744018, 171313.889745389460586 ] ] ] } },
{ "type": "Feature", "properties": { "PROW_ID": "RS100", "TYPE": "Footpath" }, "geometry": { "type": "MultiLineString", "coordinates": [ [ [ 578567.565536160371266, 171981.299926791107282 ], [ 578694.218570585595444, 171470.490787954011466 ] ] ] } },
{ "type": "Feature", "properties": { "PROW_ID": "RS351", "TYPE": "Footpath" }, "geometry": { "type": "MultiLineString", "coordinates": [ [ [ 578475.771511209895834, 171972.456924392026849 ], [ 578462.646507642464712, 171888.363901535049081 ] ] ] } },
{ "type": "Feature", "properties": { "PROW_ID": "RS341", "TYPE": "Footpath" }, "geometry": { "type": "MultiLineString", "coordinates": [ [ [ 580379.17502857092768, 176619.515187503420748 ], [ 580438.201044614426792, 176605.380183663859498 ] ] ] } },
{ "type": "Feature", "properties": { "PROW_ID": "RS110", "TYPE": "Bridleway" }, "geometry": { "type": "MultiLineString", "coordinates": [ [ [ 578238.451446704333648, 173672.357386437710375 ], [ 578742.569583727745339, 173079.808225381362718 ], [ 578939.803637337638065, 172767.611140527063981 ] ] ] } },
{ "type": "Feature", "properties": { "PROW_ID": "RS5", "TYPE": "Footpath" }, "geometry": { "type": "MultiLineString", "coordinates": [ [ [ 581632.847369329538196, 178264.93263473623665 ], [ 581495.614332028548233, 178291.159641864069272 ], [ 580970.417189275380224, 178022.009568716108333 ], [ 580704.046116873621941, 177965.140553254401311 ], [ 580574.324081614147872, 177972.803555332764518 ], [ 580440.768045312375762, 177904.715536829491612 ], [ 580108.727955061011016, 177943.150547281082254 ], [ 579677.853837945847772, 177935.512545206642244 ], [ 579229.116715975455008, 177846.718521062401123 ], [ 579070.450672848732211, 177852.229522560548503 ], [ 578799.541599213262089, 177686.274477455648594 ], [ 578678.940566432895139, 177772.223500820808113 ], [ 578561.024534382508136, 178246.184629641997162 ], [ 578378.445484755793586, 178406.211673142388463 ], [ 578278.868457689881325, 178636.388735704298597 ] ] ] } },
{ "type": "Feature", "properties": { "PROW_ID": "RCX28", "TYPE": "Footpath" }, "geometry": { "type": "MultiLineString", "coordinates": [ [ [ 576398.320946541382, 166697.430490599537734 ], [ 576453.56596155767329, 166659.965480412414763 ] ] ] } },
{ "type": "Feature", "properties": { "PROW_ID": "RRX29", "TYPE": "Footpath" }, "geometry": { "type": "MultiLineString", "coordinates": [ [ [ 574259.741365257184952, 166830.71352682763245 ], [ 574289.478373340098187, 166823.319524815422483 ] ] ] } },
{ "type": "Feature", "properties": { "PROW_ID": "RRX29", "TYPE": "Footpath" }, "geometry": { "type": "MultiLineString", "coordinates": [ [ [ 574289.478373340098187, 166823.319524815422483 ], [ 574239.162359663750976, 166756.467506642336957 ] ] ] } },
{ "type": "Feature", "properties": { "PROW_ID": "RRX29", "TYPE": "Footpath" }, "geometry": { "type": "MultiLineString", "coordinates": [ [ [ 574352.297390414983965, 166971.854565182176884 ], [ 574289.478373340098187, 166823.319524815422483 ] ] ] } },
{ "type": "Feature", "properties": { "PROW_ID": "RRX44", "TYPE": "Footpath" }, "geometry": { "type": "MultiLineString", "coordinates": [ [ [ 575112.876597146736458, 166819.955523897719104 ], [ 575211.107623846968636, 167035.389582458941732 ] ] ] } },
{ "type": "Feature", "properties": { "PROW_ID": "RRX44", "TYPE": "Footpath" }, "geometry": { "type": "MultiLineString", "coordinates": [ [ [ 575112.876597146736458, 166819.955523897719104 ], [ 575090.167590974248014, 166834.682527901721187 ] ] ] } },
{ "type": "Feature", "properties": { "PROW_ID": "RRX44", "TYPE": "Footpath" }, "geometry": { "type": "MultiLineString", "coordinates": [ [ [ 575050.992580326390453, 166537.608447153004818 ], [ 575112.876597146736458, 166819.955523897719104 ] ] ] } },
{ "type": "Feature", "properties": { "PROW_ID": "RC15", "TYPE": "Footpath" }, "geometry": { "type": "MultiLineString", "coordinates": [ [ [ 577638.32128358387854, 163901.142730539664626 ], [ 577531.554254563641734, 163926.51073743600864 ], [ 577436.62122875964269, 163879.933724783651996 ], [ 577221.944170408882201, 163945.444742579711601 ] ] ] } },
{ "type": "Feature", "properties": { "PROW_ID": "RC15", "TYPE": "Footpath" }, "geometry": { "type": "MultiLineString", "coordinates": [ [ [ 577201.663164896541275, 163956.161745494173374 ], [ 577153.155151711427607, 163954.579745068040211 ] ] ] } },
{ "type": "Feature", "properties": { "PROW_ID": "RC15", "TYPE": "Footpath" }, "geometry": { "type": "MultiLineString", "coordinates": [ [ [ 577134.330146594671533, 163948.365743380854838 ], [ 577077.318131098407321, 163930.211738441081252 ], [ 576966.261100912117399, 163963.268747428781353 ] ] ] } },
{ "type": "Feature", "properties": { "PROW_ID": "RC15", "TYPE": "Footpath" }, "geometry": { "type": "MultiLineString", "coordinates": [ [ [ 576955.032097860123031, 163963.493747490283567 ], [ 576868.874074441613629, 163966.28274824511027 ], [ 576847.117068527964875, 164016.946762016857974 ] ] ] } },
{ "type": "Feature", "properties": { "PROW_ID": "RC23", "TYPE": "Footpath" }, "geometry": { "type": "MultiLineString", "coordinates": [ [ [ 577089.61813444190193, 165851.677260712138377 ], [ 577122.127143278135918, 165824.352253283141181 ], [ 577208.419166733045131, 165835.363256281008944 ], [ 577225.06617125752382, 165874.421266900491901 ], [ 577271.473183871712536, 165853.372261169017293 ] ] ] } },
{ "type": "Feature", "properties": { "PROW_ID": "RC23", "TYPE": "Footpath" }, "geometry": { "type": "MultiLineString", "coordinates": [ [ [ 577268.648183103650808, 165816.672251197509468 ], [ 577413.192222391720861, 165770.801238735381048 ], [ 577392.681216816767119, 165721.500225331983529 ], [ 577429.440226808190346, 165706.058221134182531 ], [ 577445.520231178961694, 165739.504230223887134 ] ] ] } },
{ "type": "Feature", "properties": { "PROW_ID": "RS103", "TYPE": "Footpath" }, "geometry": { "type": "MultiLineString", "coordinates": [ [ [ 578274.703456558054313, 171728.00185794220306 ], [ 578264.231453711632639, 171780.896872320212424 ], [ 578300.017463438678533, 171793.82187583547784 ], [ 578327.407470883568749, 171864.374895007989835 ], [ 578436.73950060037896, 171883.878900321375113 ] ] ] } },
{ "type": "Feature", "properties": { "PROW_ID": "RS99", "TYPE": "Footpath" }, "geometry": { "type": "MultiLineString", "coordinates": [ [ [ 578292.463461385341361, 172990.434201085241511 ], [ 578121.199414834030904, 172829.989157479256392 ] ] ] } },
{ "type": "Feature", "properties": { "PROW_ID": "RRX22", "TYPE": "Footpath" }, "geometry": { "type": "MultiLineString", "coordinates": [ [ [ 574421.112409119261429, 167499.532708616228774 ], [ 574415.775407668668777, 167453.107695992512163 ] ] ] } },
{ "type": "Feature", "properties": { "PROW_ID": "RRX22", "TYPE": "Footpath" }, "geometry": { "type": "MultiLineString", "coordinates": [ [ [ 574432.54741222737357, 167558.997724779474083 ], [ 574423.672409815248102, 167510.247711523028556 ] ] ] } },
{ "type": "Feature", "properties": { "PROW_ID": "RRX22", "TYPE": "Footpath" }, "geometry": { "type": "MultiLineString", "coordinates": [ [ [ 574427.185410769889131, 167602.413736580114346 ], [ 574432.597412240924314, 167570.222727834014222 ] ] ] } },
{ "type": "Feature", "properties": { "PROW_ID": "RRX22", "TYPE": "Footpath" }, "geometry": { "type": "MultiLineString", "coordinates": [ [ [ 574329.818384304526262, 167658.834751917864196 ], [ 574418.391408379422501, 167633.04074490867788 ], [ 574427.185410769889131, 167602.413736580114346 ] ] ] } },
{ "type": "Feature", "properties": { "PROW_ID": "RRX22", "TYPE": "Footpath" }, "geometry": { "type": "MultiLineString", "coordinates": [ [ [ 574335.451385835884139, 167689.892760353919584 ], [ 574329.818384304526262, 167658.834751917864196 ] ] ] } },
{ "type": "Feature", "properties": { "PROW_ID": "RRX22", "TYPE": "Footpath" }, "geometry": { "type": "MultiLineString", "coordinates": [ [ [ 574351.410390173550695, 167752.36177733563818 ], [ 574336.233386048581451, 167699.593762993055861 ] ] ] } },
{ "type": "Feature", "properties": { "PROW_ID": "RRX22", "TYPE": "Footpath" }, "geometry": { "type": "MultiLineString", "coordinates": [ [ [ 574414.775407396955416, 167412.853685054811649 ], [ 574399.498403244535439, 167290.055651673756074 ] ] ] } },
{ "type": "Feature", "properties": { "PROW_ID": "RRX22", "TYPE": "Footpath" }, "geometry": { "type": "MultiLineString", "coordinates": [ [ [ 574329.818384304526262, 167658.834751917864196 ], [ 574246.914361770497635, 167706.206764794304036 ] ] ] } },
{ "type": "Feature", "properties": { "PROW_ID": "RRX22", "TYPE": "Footpath" }, "geometry": { "type": "MultiLineString", "coordinates": [ [ [ 574427.185410769889131, 167602.413736580114346 ], [ 574396.03640230349265, 167599.879735884664115 ] ] ] } },
{ "type": "Feature", "properties": { "PROW_ID": "RCX22", "TYPE": "Footpath" }, "geometry": { "type": "MultiLineString", "coordinates": [ [ [ 576616.423005823395215, 167230.863635589135811 ], [ 576499.126973941456527, 167136.483609935152344 ] ] ] } },
{ "type": "Feature", "properties": { "PROW_ID": "RCX22", "TYPE": "Footpath" }, "geometry": { "type": "MultiLineString", "coordinates": [ [ [ 576650.284015027224086, 167238.93863778479863 ], [ 576616.423005823395215, 167230.863635589135811 ] ] ] } },
{ "type": "Feature", "properties": { "PROW_ID": "RCX22", "TYPE": "Footpath" }, "geometry": { "type": "MultiLineString", "coordinates": [ [ [ 576697.163027769303881, 167285.952650559076574 ], [ 576658.682017309824005, 167252.125641364604235 ] ] ] } },
{ "type": "Feature", "properties": { "PROW_ID": "RCX21", "TYPE": "Footpath" }, "geometry": { "type": "MultiLineString", "coordinates": [ [ [ 576143.697877332451753, 167155.272615044785198 ], [ 576122.859871668624692, 167123.995606545999181 ] ] ] } },
{ "type": "Feature", "properties": { "PROW_ID": "RCX21", "TYPE": "Footpath" }, "geometry": { "type": "MultiLineString", "coordinates": [ [ [ 576178.897886900347658, 167209.572629798029084 ], [ 576148.547878650948405, 167163.047617154603358 ] ] ] } },
{ "type": "Feature", "properties": { "PROW_ID": "RCX20", "TYPE": "Footpath" }, "geometry": { "type": "MultiLineString", "coordinates": [ [ [ 575573.293722292175516, 167250.23464084835723 ], [ 575670.718748772866093, 167235.459636838641018 ] ] ] } },
{ "type": "Feature", "properties": { "PROW_ID": "RCX20", "TYPE": "Footpath" }, "geometry": { "type": "MultiLineString", "coordinates": [ [ [ 575528.097710007335991, 167230.603635519510135 ], [ 575560.973718943423592, 167253.750641805294435 ] ] ] } },
{ "type": "Feature", "properties": { "PROW_ID": "RCX14", "TYPE": "Footpath" }, "geometry": { "type": "MultiLineString", "coordinates": [ [ [ 575841.871795293875039, 167456.539696926483884 ], [ 575886.280807364732027, 167463.650698860059492 ] ] ] } },
{ "type": "Feature", "properties": { "PROW_ID": "RCX14", "TYPE": "Footpath" }, "geometry": { "type": "MultiLineString", "coordinates": [ [ [ 575830.007792068878189, 167536.723718725552317 ], [ 575897.101810305844992, 167475.957702204992529 ], [ 575839.246794580132701, 167373.014674230769742 ], [ 575865.129801615374163, 167360.535670834593475 ] ] ] } },
{ "type": "Feature", "properties": { "PROW_ID": "RRX27", "TYPE": "Footpath" }, "geometry": { "type": "MultiLineString", "coordinates": [ [ [ 574630.887466137879528, 166938.462556111218873 ], [ 574649.722471257555299, 166991.947570645308588 ] ] ] } },
{ "type": "Feature", "properties": { "PROW_ID": "RRX27", "TYPE": "Footpath" }, "geometry": { "type": "MultiLineString", "coordinates": [ [ [ 574645.725470171077177, 167002.843573611229658 ], [ 574644.622469871304929, 167051.422586815606337 ] ] ] } },
{ "type": "Feature", "properties": { "PROW_ID": "RRX27", "TYPE": "Footpath" }, "geometry": { "type": "MultiLineString", "coordinates": [ [ [ 574644.509469840675592, 167062.449589812371414 ], [ 574643.339469522470608, 167091.203597631189041 ] ] ] } },
{ "type": "Feature", "properties": { "PROW_ID": "RRX19", "TYPE": "Footpath" }, "geometry": { "type": "MultiLineString", "coordinates": [ [ [ 574912.517542687477544, 167844.582802398654167 ], [ 574909.486541863530874, 167887.270814005751163 ] ] ] } },
{ "type": "Feature", "properties": { "PROW_ID": "RRX19", "TYPE": "Footpath" }, "geometry": { "type": "MultiLineString", "coordinates": [ [ [ 574908.227541521191597, 167924.077824010513723 ], [ 574915.487543494207785, 167958.647833408729639 ] ] ] } },
{ "type": "Feature", "properties": { "PROW_ID": "RRX17", "TYPE": "Footpath" }, "geometry": { "type": "MultiLineString", "coordinates": [ [ [ 574751.446498906938359, 167977.175838436814956 ], [ 574773.90550501155667, 168004.717845922335982 ] ] ] } },
{ "type": "Feature", "properties": { "PROW_ID": "RRX17", "TYPE": "Footpath" }, "geometry": { "type": "MultiLineString", "coordinates": [ [ [ 574782.996507482137531, 168012.133847949909978 ], [ 574801.074512396240607, 168029.22385258669965 ] ] ] } },
{ "type": "Feature", "properties": { "PROW_ID": "RS289", "TYPE": "Footpath" }, "geometry": { "type": "MultiLineString", "coordinates": [ [ [ 574329.498384217731655, 174603.236639466078486 ], [ 574328.935384064679965, 174603.268639474408701 ] ] ] } }
]
}
